-- =============================================================================
-- Fidati — Seed data from fidati-app & fidati-pro mocks (generated)
-- Run AFTER schema.sql. Idempotent: safe to re-run (ON CONFLICT).
-- Marco Rossi: legacy user-1 + mock c1 → un solo customer a100...001
-- =============================================================================

INSERT INTO service_categories (id, legacy_id, slug, name, icon, description, professional_count, home_count, sort_order) VALUES
  ('c1000001-0001-4000-8000-000000000001', '1', 'pulizie', 'Pulizie', 'sparkles-outline', 'Professionisti per pulizie domestiche, uffici e post-ristrutturazione.', 128, 1240, 1),
  ('c1000001-0001-4000-8000-000000000002', '2', 'idraulici', 'Idraulici', 'water-outline', 'Riparazioni, installazioni e manutenzione idraulica.', 94, 860, 2),
  ('c1000001-0001-4000-8000-000000000003', '3', 'elettricisti', 'Elettricisti', 'flash-outline', 'Impianti elettrici, illuminazione e domotica certificata.', 76, 1120, 3),
  ('c1000001-0001-4000-8000-000000000004', '4', 'giardinieri', 'Giardinieri', 'leaf-outline', 'Cura del verde, potature e manutenzione giardini.', 52, 780, 4),
  ('c1000001-0001-4000-8000-000000000005', '5', 'tuttofare', 'Tuttofare', 'construct-outline', 'Piccoli lavori domestici, montaggi e riparazioni.', 110, 1500, 5)
ON CONFLICT (id) DO NOTHING;

INSERT INTO services (id, legacy_id, category_id, title, icon, description, from_price, weekly_bookings, image_url, sort_order) VALUES
  ('d1000001-0001-4000-8000-000000000001', 'pul-deep', 'c1000001-0001-4000-8000-000000000001', 'Pulizia profonda casa', 'home-outline', 'Pavimenti, bagno, cucina e superfici', 45, 1240, NULL, 1),
  ('d1000001-0001-4000-8000-000000000002', 'pul-office', 'c1000001-0001-4000-8000-000000000001', 'Pulizie ufficio', 'business-outline', 'Open space, sale riunioni e reception', 60, 680, NULL, 2),
  ('d1000001-0001-4000-8000-000000000003', 'pul-post', 'c1000001-0001-4000-8000-000000000001', 'Post-ristrutturazione', 'construct-outline', 'Sgombero polvere, vetri e finiture', 90, 420, NULL, 3),
  ('d1000001-0001-4000-8000-000000000004', 'pul-glass', 'c1000001-0001-4000-8000-000000000001', 'Lavaggio vetri', 'sparkles-outline', 'Interni, esterni e infissi', 35, 890, NULL, 4),
  ('d1000001-0001-4000-8000-000000000005', 'pul-sani', 'c1000001-0001-4000-8000-000000000001', 'Sanificazione', 'shield-checkmark-outline', 'Trattamento antibatterico certificato', 55, 310, NULL, 5),
  ('d1000001-0001-4000-8000-000000000006', 'idr-leak', 'c1000001-0001-4000-8000-000000000002', 'Perdite e tubature', 'water-outline', 'Ricerca perdita e riparazione', 40, 920, NULL, 1),
  ('d1000001-0001-4000-8000-000000000007', 'idr-tap', 'c1000001-0001-4000-8000-000000000002', 'Rubinetteria', 'funnel-outline', 'Sostituzione e installazione', 50, 640, NULL, 2),
  ('d1000001-0001-4000-8000-000000000008', 'idr-boiler', 'c1000001-0001-4000-8000-000000000002', 'Caldaia e boiler', 'flame-outline', 'Manutenzione e assistenza', 70, 380, NULL, 3),
  ('d1000001-0001-4000-8000-000000000009', 'idr-drain', 'c1000001-0001-4000-8000-000000000002', 'Scarichi otturati', 'alert-circle-outline', 'Lavandini, docce e WC', 45, 710, NULL, 4),
  ('d1000001-0001-4000-8000-000000000010', 'idr-install', 'c1000001-0001-4000-8000-000000000002', 'Installazioni', 'build-outline', 'Lavatrice, lavastoviglie, sanitari', 65, 290, NULL, 5),
  ('d1000001-0001-4000-8000-000000000011', 'ele-point', 'c1000001-0001-4000-8000-000000000003', 'Punto luce e prese', 'flash-outline', 'Installazione e spostamento', 45, 760, NULL, 1),
  ('d1000001-0001-4000-8000-000000000012', 'ele-panel', 'c1000001-0001-4000-8000-000000000003', 'Quadro elettrico', 'apps-outline', 'Verifica, upgrade e messa a norma', 90, 580, NULL, 2),
  ('d1000001-0001-4000-8000-000000000013', 'ele-led', 'c1000001-0001-4000-8000-000000000003', 'Illuminazione LED', 'bulb-outline', 'Faretti, strip e sostituzioni', 55, 580, NULL, 3),
  ('d1000001-0001-4000-8000-000000000014', 'ele-smart', 'c1000001-0001-4000-8000-000000000003', 'Domotica', 'wifi-outline', 'Smart switch, tapparelle e sensori', 120, 210, NULL, 4),
  ('d1000001-0001-4000-8000-000000000015', 'ele-cert', 'c1000001-0001-4000-8000-000000000003', 'Certificazione impianto', 'document-text-outline', 'DiCo e conformità DM 37/08', 110, 340, NULL, 5),
  ('d1000001-0001-4000-8000-000000000016', 'ele-urgent', 'c1000001-0001-4000-8000-000000000003', 'Guasto urgente', 'warning-outline', 'Blackout, corto circuito, salvavita', 60, 890, NULL, 6),
  ('d1000001-0001-4000-8000-000000000017', 'gia-prune', 'c1000001-0001-4000-8000-000000000004', 'Potatura alberi', 'leaf-outline', 'Siepi, alberi da frutto e ornamentali', 55, 450, NULL, 1),
  ('d1000001-0001-4000-8000-000000000018', 'gia-maint', 'c1000001-0001-4000-8000-000000000004', 'Manutenzione giardino', 'flower-outline', 'Cura stagionale completa', 50, 620, NULL, 2),
  ('d1000001-0001-4000-8000-000000000019', 'gia-grass', 'c1000001-0001-4000-8000-000000000004', 'Erba e siepi', 'cut-outline', 'Taglio prato e rifiniture', 35, 780, NULL, 3),
  ('d1000001-0001-4000-8000-000000000020', 'gia-terra', 'c1000001-0001-4000-8000-000000000004', 'Terrazzi e balconi', 'sunny-outline', 'Vasi, piante e pulizia verde', 40, 390, NULL, 4),
  ('d1000001-0001-4000-8000-000000000021', 'gia-irr', 'c1000001-0001-4000-8000-000000000004', 'Irrigazione', 'rainy-outline', 'Installazione e programmazione', 80, 180, NULL, 5),
  ('d1000001-0001-4000-8000-000000000022', 'tut-furniture', 'c1000001-0001-4000-8000-000000000005', 'Montaggio mobili', 'cube-outline', 'IKEA, cucine e armadi', 35, 1120, NULL, 1),
  ('d1000001-0001-4000-8000-000000000023', 'tut-fix', 'c1000001-0001-4000-8000-000000000005', 'Riparazioni casa', 'hammer-outline', 'Tapparelle, serrature, piccoli guasti', 40, 980, NULL, 2),
  ('d1000001-0001-4000-8000-000000000024', 'tut-small', 'c1000001-0001-4000-8000-000000000005', 'Piccoli lavori', 'construct-outline', 'Appendere quadri, mensole, tende', 30, 1500, NULL, 3),
  ('d1000001-0001-4000-8000-000000000025', 'tut-paint', 'c1000001-0001-4000-8000-000000000005', 'Tinteggiatura', 'color-palette-outline', 'Pareti, soffitti e ritocchi', 70, 420, NULL, 4),
  ('d1000001-0001-4000-8000-000000000026', 'tut-door', 'c1000001-0001-4000-8000-000000000005', 'Serramenti', 'lock-closed-outline', 'Porte, maniglie e cerniere', 45, 360, NULL, 5)
ON CONFLICT (id) DO NOTHING;

INSERT INTO service_packages (id, legacy_id, service_id, tier, title, description, price, duration_label, sort_order) VALUES
  ('e1000001-0001-4000-8000-000000000001', 'pul-deep-b', 'd1000001-0001-4000-8000-000000000001', 'base', 'Monolocale', 'Fino a 45 mq, 2 ore', 45, '2 ore', 1),
  ('e1000001-0001-4000-8000-000000000002', 'pul-deep-s', 'd1000001-0001-4000-8000-000000000001', 'standard', 'Bilocale', 'Fino a 75 mq, dettagli e vetri', 75, '3 ore', 2),
  ('e1000001-0001-4000-8000-000000000003', 'pul-deep-p', 'd1000001-0001-4000-8000-000000000001', 'premium', 'Trilocale+', 'Fino a 110 mq, pulizia completa', 110, '5 ore', 3),
  ('e1000001-0001-4000-8000-000000000004', 'pul-office-b', 'd1000001-0001-4000-8000-000000000002', 'base', 'Piccolo ufficio', 'Fino a 60 mq', 60, '2 ore', 4),
  ('e1000001-0001-4000-8000-000000000005', 'pul-office-s', 'd1000001-0001-4000-8000-000000000002', 'standard', 'Medio ufficio', 'Fino a 120 mq', 95, '4 ore', 5),
  ('e1000001-0001-4000-8000-000000000006', 'pul-post-b', 'd1000001-0001-4000-8000-000000000003', 'base', 'Standard', 'Appartamento fino a 70 mq', 90, '4 ore', 6),
  ('e1000001-0001-4000-8000-000000000007', 'pul-post-p', 'd1000001-0001-4000-8000-000000000003', 'premium', 'Completo', 'Con sanificazione inclusa', 140, '6 ore', 7),
  ('e1000001-0001-4000-8000-000000000008', 'pul-glass-b', 'd1000001-0001-4000-8000-000000000004', 'base', 'Fino a 8 vetri', 'Interni e telaio', 35, '1.5 ore', 8),
  ('e1000001-0001-4000-8000-000000000009', 'pul-glass-s', 'd1000001-0001-4000-8000-000000000004', 'standard', 'Appartamento', 'Tutti i vetri casa', 55, '2.5 ore', 9),
  ('e1000001-0001-4000-8000-000000000010', 'pul-sani-b', 'd1000001-0001-4000-8000-000000000005', 'base', 'Singola zona', 'Cucina o bagno', 55, '1.5 ore', 10),
  ('e1000001-0001-4000-8000-000000000011', 'pul-sani-p', 'd1000001-0001-4000-8000-000000000005', 'premium', 'Intera casa', 'Sanificazione completa', 95, '3 ore', 11),
  ('e1000001-0001-4000-8000-000000000012', 'idr-leak-b', 'd1000001-0001-4000-8000-000000000006', 'base', 'Riparazione semplice', 'Guarnizioni e rubinetti', 40, '1 ora', 1),
  ('e1000001-0001-4000-8000-000000000013', 'idr-leak-s', 'd1000001-0001-4000-8000-000000000006', 'standard', 'Perdita occulta', 'Diagnosi + intervento', 85, '2 ore', 2),
  ('e1000001-0001-4000-8000-000000000014', 'idr-tap-b', 'd1000001-0001-4000-8000-000000000007', 'base', 'Singolo rubinetto', 'Sostituzione e collaudo', 50, '1 ora', 3),
  ('e1000001-0001-4000-8000-000000000015', 'idr-tap-s', 'd1000001-0001-4000-8000-000000000007', 'standard', 'Bagno completo', 'Lavabo, bidet e doccia', 120, '3 ore', 4),
  ('e1000001-0001-4000-8000-000000000016', 'idr-boiler-b', 'd1000001-0001-4000-8000-000000000008', 'base', 'Controllo annuale', 'Pulizia e verifica', 70, '1.5 ore', 5),
  ('e1000001-0001-4000-8000-000000000017', 'idr-boiler-p', 'd1000001-0001-4000-8000-000000000008', 'premium', 'Manutenzione full', 'Ricambi base inclusi', 130, '3 ore', 6),
  ('e1000001-0001-4000-8000-000000000018', 'idr-drain-b', 'd1000001-0001-4000-8000-000000000009', 'base', 'Singolo scarico', 'Spurgo manuale', 45, '1 ora', 7),
  ('e1000001-0001-4000-8000-000000000019', 'idr-drain-s', 'd1000001-0001-4000-8000-000000000009', 'standard', 'Impianto bagno', 'Controllo completo', 75, '2 ore', 8),
  ('e1000001-0001-4000-8000-000000000020', 'idr-install-b', 'd1000001-0001-4000-8000-000000000010', 'base', 'Elettrodomestico', 'Allaccio e collaudo', 65, '1.5 ore', 9),
  ('e1000001-0001-4000-8000-000000000021', 'idr-install-p', 'd1000001-0001-4000-8000-000000000010', 'premium', 'Bagno nuovo', 'Sanitari e miscelatori', 180, '4 ore', 10),
  ('e1000001-0001-4000-8000-000000000022', 'ele-point-b', 'd1000001-0001-4000-8000-000000000011', 'base', 'Singolo punto', 'Luce o presa nuova', 45, '1 ora', 1),
  ('e1000001-0001-4000-8000-000000000023', 'ele-point-s', 'd1000001-0001-4000-8000-000000000011', 'standard', 'Stanza intera', 'Fino a 4 punti', 120, '3 ore', 2),
  ('e1000001-0001-4000-8000-000000000024', 'ele-panel-b', 'd1000001-0001-4000-8000-000000000012', 'base', 'Controllo', 'Diagnosi e report', 90, '2 ore', 3),
  ('e1000001-0001-4000-8000-000000000025', 'ele-panel-p', 'd1000001-0001-4000-8000-000000000012', 'premium', 'Adeguamento', 'Differenziale e magnetotermico', 220, '5 ore', 4),
  ('e1000001-0001-4000-8000-000000000026', 'ele-led-b', 'd1000001-0001-4000-8000-000000000013', 'base', 'Fino a 6 punti', 'Sostituzione lampade', 55, '1.5 ore', 5),
  ('e1000001-0001-4000-8000-000000000027', 'ele-led-s', 'd1000001-0001-4000-8000-000000000013', 'standard', 'Impianto zona', 'Cucina o soggiorno', 140, '4 ore', 6),
  ('e1000001-0001-4000-8000-000000000028', 'ele-smart-b', 'd1000001-0001-4000-8000-000000000014', 'base', 'Starter kit', '3 dispositivi smart', 120, '2 ore', 7),
  ('e1000001-0001-4000-8000-000000000029', 'ele-smart-p', 'd1000001-0001-4000-8000-000000000014', 'premium', 'Casa smart', 'Configurazione completa', 280, '6 ore', 8),
  ('e1000001-0001-4000-8000-000000000030', 'ele-cert-b', 'd1000001-0001-4000-8000-000000000015', 'base', 'Verifica', 'Sopralluogo e preventivo', 110, '2 ore', 9),
  ('e1000001-0001-4000-8000-000000000031', 'ele-cert-p', 'd1000001-0001-4000-8000-000000000015', 'premium', 'Con dichiarazione', 'Rilascio documenti', 190, '4 ore', 10),
  ('e1000001-0001-4000-8000-000000000032', 'ele-urgent-b', 'd1000001-0001-4000-8000-000000000016', 'base', 'Intervento rapido', 'Entro 2 ore', 60, '1 ora', 11),
  ('e1000001-0001-4000-8000-000000000033', 'ele-urgent-s', 'd1000001-0001-4000-8000-000000000016', 'standard', 'Diagnosi + riparo', 'In giornata', 95, '2 ore', 12),
  ('e1000001-0001-4000-8000-000000000034', 'gia-prune-b', 'd1000001-0001-4000-8000-000000000017', 'base', 'Siepe', 'Fino a 10 metri lineari', 55, '2 ore', 1),
  ('e1000001-0001-4000-8000-000000000035', 'gia-prune-s', 'd1000001-0001-4000-8000-000000000017', 'standard', 'Albero medio', 'Potatura e smaltimento', 90, '3 ore', 2),
  ('e1000001-0001-4000-8000-000000000036', 'gia-maint-b', 'd1000001-0001-4000-8000-000000000018', 'base', 'Fino a 100 mq', 'Sfalcio e pulizia', 50, '2 ore', 3),
  ('e1000001-0001-4000-8000-000000000037', 'gia-maint-p', 'd1000001-0001-4000-8000-000000000018', 'premium', 'Fino a 250 mq', 'Manutenzione profonda', 95, '4 ore', 4),
  ('e1000001-0001-4000-8000-000000000038', 'gia-grass-b', 'd1000001-0001-4000-8000-000000000019', 'base', 'Prato piccolo', 'Fino a 80 mq', 35, '1.5 ore', 5),
  ('e1000001-0001-4000-8000-000000000039', 'gia-grass-s', 'd1000001-0001-4000-8000-000000000019', 'standard', 'Prato + siepi', 'Giardino medio', 65, '3 ore', 6),
  ('e1000001-0001-4000-8000-000000000040', 'gia-terra-b', 'd1000001-0001-4000-8000-000000000020', 'base', 'Balcone', 'Fino a 15 mq', 40, '1.5 ore', 7),
  ('e1000001-0001-4000-8000-000000000041', 'gia-terra-s', 'd1000001-0001-4000-8000-000000000020', 'standard', 'Terrazzo grande', 'Con irrigazione', 70, '2.5 ore', 8),
  ('e1000001-0001-4000-8000-000000000042', 'gia-irr-b', 'd1000001-0001-4000-8000-000000000021', 'base', 'Controllo impianto', 'Taratura e test', 80, '2 ore', 9),
  ('e1000001-0001-4000-8000-000000000043', 'gia-irr-p', 'd1000001-0001-4000-8000-000000000021', 'premium', 'Nuovo impianto', 'Fino a 200 mq', 220, '6 ore', 10),
  ('e1000001-0001-4000-8000-000000000044', 'tut-furniture-b', 'd1000001-0001-4000-8000-000000000022', 'base', 'Singolo mobile', 'Comò, libreria, scrivania', 35, '1.5 ore', 1),
  ('e1000001-0001-4000-8000-000000000045', 'tut-furniture-s', 'd1000001-0001-4000-8000-000000000022', 'standard', 'Camera completa', 'Fino a 4 mobili', 75, '3 ore', 2),
  ('e1000001-0001-4000-8000-000000000046', 'tut-fix-b', 'd1000001-0001-4000-8000-000000000023', 'base', 'Intervento singolo', 'Una riparazione', 40, '1 ora', 3),
  ('e1000001-0001-4000-8000-000000000047', 'tut-fix-s', 'd1000001-0001-4000-8000-000000000023', 'standard', 'Pacchetto 3 interventi', 'Nella stessa visita', 95, '3 ore', 4),
  ('e1000001-0001-4000-8000-000000000048', 'tut-small-b', 'd1000001-0001-4000-8000-000000000024', 'base', '1 ora lavoro', 'Lista interventi brevi', 30, '1 ora', 5),
  ('e1000001-0001-4000-8000-000000000049', 'tut-small-s', 'd1000001-0001-4000-8000-000000000024', 'standard', '2 ore lavoro', 'Più attività insieme', 55, '2 ore', 6),
  ('e1000001-0001-4000-8000-000000000050', 'tut-paint-b', 'd1000001-0001-4000-8000-000000000025', 'base', 'Singola parete', 'Fino a 12 mq', 70, '3 ore', 7),
  ('e1000001-0001-4000-8000-000000000051', 'tut-paint-p', 'd1000001-0001-4000-8000-000000000025', 'premium', 'Stanza intera', 'Fino a 15 mq', 150, '6 ore', 8),
  ('e1000001-0001-4000-8000-000000000052', 'tut-door-b', 'd1000001-0001-4000-8000-000000000026', 'base', 'Regolazione porta', 'Cerniere e chiudiporta', 45, '1 ora', 9),
  ('e1000001-0001-4000-8000-000000000053', 'tut-door-s', 'd1000001-0001-4000-8000-000000000026', 'standard', 'Sostituzione serratura', 'Con collaudo', 80, '2 ore', 10)
ON CONFLICT (id) DO NOTHING;

INSERT INTO customers (id, legacy_id, name, email, phone, image_url, avatar_color, member_since, bookings_count, completed_count, rating) VALUES
  ('a1000001-0001-4000-8000-000000000001', 'user-1', 'Marco Rossi', 'marco.rossi@email.com', NULL, 'https://images.unsplash.com/photo-1507003211169-0a1dd7228f2d?w=200', '#3B82F6', 'Gennaio 2024', 12, 8, 4.9),
  ('a1000001-0001-4000-8000-000000000002', 'c2', 'Giulia Verdi', 'giulia.verdi@email.com', NULL, NULL, '#8B5CF6', NULL, 0, 0, NULL),
  ('a1000001-0001-4000-8000-000000000003', 'c3', 'Paolo Neri', NULL, NULL, NULL, '#0EA5E9', NULL, 0, 0, NULL),
  ('a1000001-0001-4000-8000-000000000004', 'c4', 'Elena Costa', NULL, NULL, NULL, '#EC4899', NULL, 0, 0, NULL),
  ('a1000001-0001-4000-8000-000000000005', 'c5', 'Sara Blu', NULL, NULL, NULL, '#14B8A6', NULL, 0, 0, NULL),
  ('a1000001-0001-4000-8000-000000000006', 'c6', 'Luca Gialli', NULL, NULL, NULL, '#F59E0B', NULL, 0, 0, NULL),
  ('a1000001-0001-4000-8000-000000000007', 'c7', 'Anna Ferrari', NULL, NULL, NULL, '#6366F1', NULL, 0, 0, NULL),
  ('a1000001-0001-4000-8000-000000000008', 'c8', 'Roberto M.', NULL, NULL, NULL, '#64748B', NULL, 0, 0, NULL)
ON CONFLICT (id) DO UPDATE SET
  legacy_id = EXCLUDED.legacy_id,
  name = EXCLUDED.name,
  email = EXCLUDED.email,
  image_url = EXCLUDED.image_url,
  avatar_color = EXCLUDED.avatar_color,
  member_since = EXCLUDED.member_since,
  bookings_count = EXCLUDED.bookings_count,
  completed_count = EXCLUDED.completed_count,
  rating = EXCLUDED.rating;

INSERT INTO professionals (
  id, legacy_id, category_id, name, category_label, email, phone,
  image_url, hero_image_url, avatar_color, bio, why_choose,
  rating, review_count, jobs_completed, price_per_hour, distance_km,
  available_today, verified, badge_document, badge_phone, badge_professional,
  member_since, earnings_this_month, earnings_this_week, profile_completion,
  new_clients_this_month, response_rate, account_status, profile_views, has_pro_app,
  urgent_badge, is_new_featured
) VALUES
  ('b1000001-0001-4000-8000-000000000001', '1', 'c1000001-0001-4000-8000-000000000001', 'Laura Bianchi', 'Pulizie', 'laura.bianchi@email.com', '+39 333 456 7890',
   'https://images.unsplash.com/photo-1580489944761-15a19d654956?w=200&h=200&fit=crop&crop=face', 'https://images.unsplash.com/photo-1581578731548-c64695cc6952?w=800&h=600&fit=crop', '#8B5CF6',
   'Specializzata in pulizie domestiche e post-ristrutturazione. Uso prodotti eco-friendly e garantisco risultati impeccabili.', '["Prodotti eco-friendly certificati","Puntualità garantita al 100%","Assicurazione RC professionale","Oltre 340 lavori completati"]'::jsonb,
   4.92, 128, 342, 25, 1.2, true, true,
   true, true, true,
   'Marzo 2023', 2840, 720, 60, 14, 96, 'verified', 1247, true, 'Oggi', true),
  ('b1000001-0001-4000-8000-000000000002', '2', 'c1000001-0001-4000-8000-000000000002', 'Luca Bianchi', 'Idraulico', NULL, NULL,
   'https://images.unsplash.com/photo-1560250097-0b93528c311a?w=200&h=200&fit=crop&crop=face', 'https://images.unsplash.com/photo-1607472586893-edb57bdc0e39?w=800&h=600&fit=crop', '#0EA5E9',
   'Idraulico con 15 anni di esperienza. Interventi rapidi per perdite, installazioni e manutenzione impianti.', '["Interventi rapidi e puntuali","Prezzi trasparenti senza sorprese","Materiali di qualità certificati","Assistenza post-intervento inclusa"]'::jsonb,
   4.8, 95, 180, 30, 1.2, true, true,
   true, true, true,
   NULL, 0, 0, 0, 0, 100, 'verified', 0, false, 'Entro 1 ora', true),
  ('b1000001-0001-4000-8000-000000000003', '3', 'c1000001-0001-4000-8000-000000000003', 'Anna Ferrari', 'Elettricista', NULL, NULL,
   'https://images.unsplash.com/photo-1573496359142-b8d87734a5a2?w=200&h=200&fit=crop&crop=face', 'https://images.unsplash.com/photo-1621905252507-b35492cc74b4?w=800&h=600&fit=crop', '#F59E0B',
   'Elettricista certificata. Impianti civili, illuminazione LED e domotica. Lavoro conforme alle normative.', '["Certificazione DM 37/08","Domotica e smart home","Garanzia 24 mesi sui lavori","Valutazione 5.0 stelle"]'::jsonb,
   5, 64, 180, 45, 2.1, true, true,
   true, true, true,
   NULL, 0, 0, 0, 0, 100, 'verified', 0, false, 'Oggi', true),
  ('b1000001-0001-4000-8000-000000000004', '4', 'c1000001-0001-4000-8000-000000000004', 'Paolo Russo', 'Giardiniere', NULL, NULL,
   'https://images.unsplash.com/photo-1472099645785-5658abf4ff4e?w=200&h=200&fit=crop&crop=face', 'https://images.unsplash.com/photo-1416879595882-3373a0480b5b?w=800&h=600&fit=crop', '#10B981',
   'Giardiniere appassionato. Potature, manutenzione prati e progettazione spazi verdi.', '["Progettazione paesaggistica","Potatura certificata alberi","Manutenzione stagionale","Attrezzatura professionale"]'::jsonb,
   4.7, 52, 145, 30, 3.4, false, true,
   true, true, false,
   NULL, 0, 0, 0, 0, 100, 'verified', 0, false, NULL, false),
  ('b1000001-0001-4000-8000-000000000005', '5', 'c1000001-0001-4000-8000-000000000005', 'Luca Conti', 'Tuttofare', NULL, NULL,
   'https://images.unsplash.com/photo-1507003211169-0a1dd7228f2d?w=200&h=200&fit=crop&crop=face', 'https://images.unsplash.com/photo-1504307651254-35680f356dfd?w=800&h=600&fit=crop', '#6366F1',
   'Tuttofare versatile: montaggi mobili, piccole riparazioni, pittura e lavori domestici.', '["Disponibilità flessibile","Montaggio mobili IKEA e simili","Attrezzi professionali inclusi","290 lavori completati"]'::jsonb,
   4.6, 98, 290, 35, 1.8, true, true,
   true, true, true,
   NULL, 0, 0, 0, 0, 100, 'verified', 0, false, 'Entro 2 ore', false),
  ('b1000001-0001-4000-8000-000000000006', '6', 'c1000001-0001-4000-8000-000000000001', 'Sofia Marino', 'Pulizie', NULL, NULL,
   'https://images.unsplash.com/photo-1438761681033-6461ffad8d80?w=200&h=200&fit=crop&crop=face', 'https://images.unsplash.com/photo-1527515637462-cff94eecc458?w=800&h=600&fit=crop', '#EC4899',
   'Pulizie professionali per uffici e abitazioni. Puntualità e attenzione ai dettagli.', '["Specialista uffici e abitazioni","Prodotti ipoallergenici","Team di 2 persone su richiesta","Abbonamenti settimanali"]'::jsonb,
   4.8, 73, 195, 22, 0.5, true, true,
   true, true, true,
   NULL, 0, 0, 0, 0, 100, 'verified', 0, false, NULL, true),
  ('b1000001-0001-4000-8000-000000000007', '7', 'c1000001-0001-4000-8000-000000000001', 'Giulia Costa', 'Pulizie', NULL, NULL,
   'https://images.unsplash.com/photo-1544005313-94ddf0286df2?w=200&h=200&fit=crop&crop=face', 'https://images.unsplash.com/photo-1581578731548-c64695cc6952?w=800&h=600&fit=crop', '#14B8A6',
   'Esperta in pulizie profonde e sanificazione.', '["Prodotti ecologici","Flessibilità oraria"]'::jsonb,
   4.7, 89, 210, 23, 2.3, true, true,
   true, true, true,
   NULL, 0, 0, 0, 0, 100, 'verified', 0, false, NULL, false),
  ('b1000001-0001-4000-8000-000000000008', '8', 'c1000001-0001-4000-8000-000000000002', 'Marco De Luca', 'Idraulico', NULL, NULL,
   'https://images.unsplash.com/photo-1506794778202-cad84cf45f1d?w=200&h=200&fit=crop&crop=face', 'https://images.unsplash.com/photo-1607472586893-edb57bdc0e39?w=800&h=600&fit=crop', '#0284C7',
   'Specialista in perdite e installazioni bagno.', '["Interventi rapidi","Garanzia lavori"]'::jsonb,
   4.9, 112, 220, 32, 0.9, true, true,
   true, true, true,
   NULL, 0, 0, 0, 0, 100, 'verified', 0, false, NULL, false),
  ('b1000001-0001-4000-8000-000000000009', '9', 'c1000001-0001-4000-8000-000000000002', 'Andrea Neri', 'Idraulico', NULL, NULL,
   'https://images.unsplash.com/photo-1519085360753-af0119f7cbe7?w=200&h=200&fit=crop&crop=face', 'https://images.unsplash.com/photo-1607472586893-edb57bdc0e39?w=800&h=600&fit=crop', '#0369A1',
   'Manutenzione caldaie e impianti idraulici.', '["Certificato","Preventivo gratuito"]'::jsonb,
   4.6, 67, 150, 28, 2.8, false, true,
   true, true, true,
   NULL, 0, 0, 0, 0, 100, 'verified', 0, false, NULL, false),
  ('b1000001-0001-4000-8000-000000000010', '10', 'c1000001-0001-4000-8000-000000000003', 'Roberto Galli', 'Elettricista', NULL, NULL,
   'https://images.unsplash.com/photo-1507003211169-0a1dd7228f2d?w=200&h=200&fit=crop&crop=face', 'https://images.unsplash.com/photo-1621905252507-b35492cc74b4?w=800&h=600&fit=crop', '#D97706',
   'Impianti civili e industriali, illuminazione LED.', '["Certificato","Domotica"]'::jsonb,
   4.8, 88, 200, 40, 1.5, true, true,
   true, true, true,
   NULL, 0, 0, 0, 0, 100, 'verified', 0, false, NULL, false),
  ('b1000001-0001-4000-8000-000000000011', '11', 'c1000001-0001-4000-8000-000000000003', 'Elena Vitale', 'Elettricista', NULL, NULL,
   'https://images.unsplash.com/photo-1494790108377-be9c29b29330?w=200&h=200&fit=crop&crop=face', 'https://images.unsplash.com/photo-1621905252507-b35492cc74b4?w=800&h=600&fit=crop', '#F59E0B',
   'Smart home e automazione domestica.', '["Esperta domotica","Puntualità"]'::jsonb,
   4.7, 54, 130, 42, 3.1, true, true,
   true, true, true,
   NULL, 0, 0, 0, 0, 100, 'verified', 0, false, NULL, false),
  ('b1000001-0001-4000-8000-000000000012', '12', 'c1000001-0001-4000-8000-000000000004', 'Francesco Verde', 'Giardiniere', NULL, NULL,
   'https://images.unsplash.com/photo-1500648767791-00dcc994a43e?w=200&h=200&fit=crop&crop=face', 'https://images.unsplash.com/photo-1416879595882-3373a0480b5b?w=800&h=600&fit=crop', '#059669',
   'Potature e manutenzione giardini residenziali.', '["Attrezzatura propria","Sopralluogo gratuito"]'::jsonb,
   4.8, 76, 190, 28, 2, true, true,
   true, true, true,
   NULL, 0, 0, 0, 0, 100, 'verified', 0, false, NULL, false),
  ('b1000001-0001-4000-8000-000000000013', '13', 'c1000001-0001-4000-8000-000000000004', 'Chiara Bosco', 'Giardiniere', NULL, NULL,
   'https://images.unsplash.com/photo-1534528741775-53994a69daeb?w=200&h=200&fit=crop&crop=face', 'https://images.unsplash.com/photo-1416879595882-3373a0480b5b?w=800&h=600&fit=crop', '#22C55E',
   'Progettazione e cura del verde ornamentale.', '["Design paesaggistico","Piante certificate"]'::jsonb,
   4.9, 61, 165, 32, 4.2, false, true,
   true, true, true,
   NULL, 0, 0, 0, 0, 100, 'verified', 0, false, NULL, false),
  ('b1000001-0001-4000-8000-000000000014', '14', 'c1000001-0001-4000-8000-000000000005', 'Davide Moretti', 'Tuttofare', NULL, NULL,
   'https://images.unsplash.com/photo-1472099645785-5658abf4ff4e?w=200&h=200&fit=crop&crop=face', 'https://images.unsplash.com/photo-1504307651254-35680f356dfd?w=800&h=600&fit=crop', '#64748B',
   'Montaggi, riparazioni e piccoli lavori domestici.', '["Multicompetente","Disponibile weekend"]'::jsonb,
   4.7, 102, 260, 32, 1.1, true, true,
   true, true, true,
   NULL, 0, 0, 0, 0, 100, 'verified', 0, false, NULL, false),
  ('b1000001-0001-4000-8000-000000000015', '15', 'c1000001-0001-4000-8000-000000000005', 'Simone Riva', 'Tuttofare', NULL, NULL,
   'https://images.unsplash.com/photo-1560250097-0b93528c311a?w=200&h=200&fit=crop&crop=face', 'https://images.unsplash.com/photo-1504307651254-35680f356dfd?w=800&h=600&fit=crop', '#475569',
   'Tuttofare per casa e ufficio, montaggi e fissaggi.', '["Prezzi chiari","Lavoro pulito"]'::jsonb,
   4.5, 78, 175, 30, 2.6, true, false,
   true, true, false,
   NULL, 0, 0, 0, 0, 100, 'verified', 0, false, NULL, false)
ON CONFLICT (id) DO NOTHING;

INSERT INTO professional_zones (professional_id, zone_name, sort_order) VALUES
  ('b1000001-0001-4000-8000-000000000001', 'Centro', 1),
  ('b1000001-0001-4000-8000-000000000001', 'Isola', 2),
  ('b1000001-0001-4000-8000-000000000001', 'Porta Nuova', 3),
  ('b1000001-0001-4000-8000-000000000001', 'Navigli', 4),
  ('b1000001-0001-4000-8000-000000000001', 'Brera', 5),
  ('b1000001-0001-4000-8000-000000000002', 'Lambrate', 1),
  ('b1000001-0001-4000-8000-000000000002', 'Porta Romana', 2),
  ('b1000001-0001-4000-8000-000000000002', 'Loreto', 3),
  ('b1000001-0001-4000-8000-000000000003', 'Centro', 1),
  ('b1000001-0001-4000-8000-000000000003', 'Porta Nuova', 2),
  ('b1000001-0001-4000-8000-000000000003', 'Isola', 3),
  ('b1000001-0001-4000-8000-000000000004', 'Porta Romana', 1),
  ('b1000001-0001-4000-8000-000000000004', 'Navigli', 2),
  ('b1000001-0001-4000-8000-000000000004', 'San Siro', 3),
  ('b1000001-0001-4000-8000-000000000005', 'Centro', 1),
  ('b1000001-0001-4000-8000-000000000005', 'Lambrate', 2),
  ('b1000001-0001-4000-8000-000000000005', 'Isola', 3),
  ('b1000001-0001-4000-8000-000000000006', 'Centro', 1),
  ('b1000001-0001-4000-8000-000000000006', 'Isola', 2),
  ('b1000001-0001-4000-8000-000000000006', 'Porta Nuova', 3),
  ('b1000001-0001-4000-8000-000000000007', 'Centro', 1),
  ('b1000001-0001-4000-8000-000000000007', 'Isola', 2),
  ('b1000001-0001-4000-8000-000000000007', 'Porta Nuova', 3),
  ('b1000001-0001-4000-8000-000000000008', 'Lambrate', 1),
  ('b1000001-0001-4000-8000-000000000008', 'Porta Romana', 2),
  ('b1000001-0001-4000-8000-000000000008', 'Loreto', 3),
  ('b1000001-0001-4000-8000-000000000009', 'Lambrate', 1),
  ('b1000001-0001-4000-8000-000000000009', 'Porta Romana', 2),
  ('b1000001-0001-4000-8000-000000000009', 'Loreto', 3),
  ('b1000001-0001-4000-8000-000000000010', 'Centro', 1),
  ('b1000001-0001-4000-8000-000000000010', 'Porta Nuova', 2),
  ('b1000001-0001-4000-8000-000000000010', 'Isola', 3),
  ('b1000001-0001-4000-8000-000000000011', 'Centro', 1),
  ('b1000001-0001-4000-8000-000000000011', 'Porta Nuova', 2),
  ('b1000001-0001-4000-8000-000000000011', 'Isola', 3),
  ('b1000001-0001-4000-8000-000000000012', 'Porta Romana', 1),
  ('b1000001-0001-4000-8000-000000000012', 'Navigli', 2),
  ('b1000001-0001-4000-8000-000000000012', 'San Siro', 3),
  ('b1000001-0001-4000-8000-000000000013', 'Porta Romana', 1),
  ('b1000001-0001-4000-8000-000000000013', 'Navigli', 2),
  ('b1000001-0001-4000-8000-000000000013', 'San Siro', 3),
  ('b1000001-0001-4000-8000-000000000014', 'Centro', 1),
  ('b1000001-0001-4000-8000-000000000014', 'Lambrate', 2),
  ('b1000001-0001-4000-8000-000000000014', 'Isola', 3),
  ('b1000001-0001-4000-8000-000000000015', 'Centro', 1),
  ('b1000001-0001-4000-8000-000000000015', 'Lambrate', 2),
  ('b1000001-0001-4000-8000-000000000015', 'Isola', 3)
ON CONFLICT (professional_id, zone_name) DO NOTHING;

INSERT INTO professional_services (id, legacy_id, professional_id, catalog_service_id, title, price_from, duration_label, sort_order) VALUES
  ('f1000001-0001-4000-8000-000000000001', '1-pul-deep', 'b1000001-0001-4000-8000-000000000001', 'd1000001-0001-4000-8000-000000000001', 'Pulizia profonda casa', 45, '2 ore', 1),
  ('f1000001-0001-4000-8000-000000000002', '1-pul-office', 'b1000001-0001-4000-8000-000000000001', 'd1000001-0001-4000-8000-000000000002', 'Pulizie ufficio', 60, '2 ore', 2),
  ('f1000001-0001-4000-8000-000000000003', '1-pul-post', 'b1000001-0001-4000-8000-000000000001', 'd1000001-0001-4000-8000-000000000003', 'Post-ristrutturazione', 90, '4 ore', 3),
  ('f1000001-0001-4000-8000-000000000004', '1-pul-glass', 'b1000001-0001-4000-8000-000000000001', 'd1000001-0001-4000-8000-000000000004', 'Lavaggio vetri', 35, '1.5 ore', 4),
  ('f1000001-0001-4000-8000-000000000005', '1-pul-sani', 'b1000001-0001-4000-8000-000000000001', 'd1000001-0001-4000-8000-000000000005', 'Sanificazione', 55, '1.5 ore', 5),
  ('f1000001-0001-4000-8000-000000000006', '2-idr-leak', 'b1000001-0001-4000-8000-000000000002', 'd1000001-0001-4000-8000-000000000006', 'Perdite e tubature', 40, '1 ora', 1),
  ('f1000001-0001-4000-8000-000000000007', '2-idr-tap', 'b1000001-0001-4000-8000-000000000002', 'd1000001-0001-4000-8000-000000000007', 'Rubinetteria', 50, '1 ora', 2),
  ('f1000001-0001-4000-8000-000000000008', '2-idr-boiler', 'b1000001-0001-4000-8000-000000000002', 'd1000001-0001-4000-8000-000000000008', 'Caldaia e boiler', 70, '1.5 ore', 3),
  ('f1000001-0001-4000-8000-000000000009', '2-idr-drain', 'b1000001-0001-4000-8000-000000000002', 'd1000001-0001-4000-8000-000000000009', 'Scarichi otturati', 45, '1 ora', 4),
  ('f1000001-0001-4000-8000-000000000010', '2-idr-install', 'b1000001-0001-4000-8000-000000000002', 'd1000001-0001-4000-8000-000000000010', 'Installazioni', 65, '1.5 ore', 5),
  ('f1000001-0001-4000-8000-000000000011', '3-ele-point', 'b1000001-0001-4000-8000-000000000003', 'd1000001-0001-4000-8000-000000000011', 'Punto luce e prese', 45, '1 ora', 1),
  ('f1000001-0001-4000-8000-000000000012', '3-ele-panel', 'b1000001-0001-4000-8000-000000000003', 'd1000001-0001-4000-8000-000000000012', 'Quadro elettrico', 90, '2 ore', 2),
  ('f1000001-0001-4000-8000-000000000013', '3-ele-led', 'b1000001-0001-4000-8000-000000000003', 'd1000001-0001-4000-8000-000000000013', 'Illuminazione LED', 55, '1.5 ore', 3),
  ('f1000001-0001-4000-8000-000000000014', '3-ele-smart', 'b1000001-0001-4000-8000-000000000003', 'd1000001-0001-4000-8000-000000000014', 'Domotica', 120, '2 ore', 4),
  ('f1000001-0001-4000-8000-000000000015', '3-ele-cert', 'b1000001-0001-4000-8000-000000000003', 'd1000001-0001-4000-8000-000000000015', 'Certificazione impianto', 110, '2 ore', 5),
  ('f1000001-0001-4000-8000-000000000016', '3-ele-urgent', 'b1000001-0001-4000-8000-000000000003', 'd1000001-0001-4000-8000-000000000016', 'Guasto urgente', 60, '1 ora', 6),
  ('f1000001-0001-4000-8000-000000000017', '4-gia-prune', 'b1000001-0001-4000-8000-000000000004', 'd1000001-0001-4000-8000-000000000017', 'Potatura alberi', 55, '2 ore', 1),
  ('f1000001-0001-4000-8000-000000000018', '4-gia-maint', 'b1000001-0001-4000-8000-000000000004', 'd1000001-0001-4000-8000-000000000018', 'Manutenzione giardino', 50, '2 ore', 2),
  ('f1000001-0001-4000-8000-000000000019', '4-gia-grass', 'b1000001-0001-4000-8000-000000000004', 'd1000001-0001-4000-8000-000000000019', 'Erba e siepi', 35, '1.5 ore', 3),
  ('f1000001-0001-4000-8000-000000000020', '4-gia-terra', 'b1000001-0001-4000-8000-000000000004', 'd1000001-0001-4000-8000-000000000020', 'Terrazzi e balconi', 40, '1.5 ore', 4),
  ('f1000001-0001-4000-8000-000000000021', '4-gia-irr', 'b1000001-0001-4000-8000-000000000004', 'd1000001-0001-4000-8000-000000000021', 'Irrigazione', 80, '2 ore', 5),
  ('f1000001-0001-4000-8000-000000000022', '5-tut-furniture', 'b1000001-0001-4000-8000-000000000005', 'd1000001-0001-4000-8000-000000000022', 'Montaggio mobili', 35, '1.5 ore', 1),
  ('f1000001-0001-4000-8000-000000000023', '5-tut-fix', 'b1000001-0001-4000-8000-000000000005', 'd1000001-0001-4000-8000-000000000023', 'Riparazioni casa', 40, '1 ora', 2),
  ('f1000001-0001-4000-8000-000000000024', '5-tut-small', 'b1000001-0001-4000-8000-000000000005', 'd1000001-0001-4000-8000-000000000024', 'Piccoli lavori', 30, '1 ora', 3),
  ('f1000001-0001-4000-8000-000000000025', '5-tut-paint', 'b1000001-0001-4000-8000-000000000005', 'd1000001-0001-4000-8000-000000000025', 'Tinteggiatura', 70, '3 ore', 4),
  ('f1000001-0001-4000-8000-000000000026', '5-tut-door', 'b1000001-0001-4000-8000-000000000005', 'd1000001-0001-4000-8000-000000000026', 'Serramenti', 45, '1 ora', 5),
  ('f1000001-0001-4000-8000-000000000027', '6-pul-deep', 'b1000001-0001-4000-8000-000000000006', 'd1000001-0001-4000-8000-000000000001', 'Pulizia profonda casa', 45, '2 ore', 1),
  ('f1000001-0001-4000-8000-000000000028', '6-pul-office', 'b1000001-0001-4000-8000-000000000006', 'd1000001-0001-4000-8000-000000000002', 'Pulizie ufficio', 60, '2 ore', 2),
  ('f1000001-0001-4000-8000-000000000029', '6-pul-post', 'b1000001-0001-4000-8000-000000000006', 'd1000001-0001-4000-8000-000000000003', 'Post-ristrutturazione', 90, '4 ore', 3),
  ('f1000001-0001-4000-8000-000000000030', '6-pul-glass', 'b1000001-0001-4000-8000-000000000006', 'd1000001-0001-4000-8000-000000000004', 'Lavaggio vetri', 35, '1.5 ore', 4),
  ('f1000001-0001-4000-8000-000000000031', '6-pul-sani', 'b1000001-0001-4000-8000-000000000006', 'd1000001-0001-4000-8000-000000000005', 'Sanificazione', 55, '1.5 ore', 5),
  ('f1000001-0001-4000-8000-000000000032', '7-pul-deep', 'b1000001-0001-4000-8000-000000000007', 'd1000001-0001-4000-8000-000000000001', 'Pulizia profonda casa', 45, '2 ore', 1),
  ('f1000001-0001-4000-8000-000000000033', '7-pul-office', 'b1000001-0001-4000-8000-000000000007', 'd1000001-0001-4000-8000-000000000002', 'Pulizie ufficio', 60, '2 ore', 2),
  ('f1000001-0001-4000-8000-000000000034', '7-pul-post', 'b1000001-0001-4000-8000-000000000007', 'd1000001-0001-4000-8000-000000000003', 'Post-ristrutturazione', 90, '4 ore', 3),
  ('f1000001-0001-4000-8000-000000000035', '7-pul-glass', 'b1000001-0001-4000-8000-000000000007', 'd1000001-0001-4000-8000-000000000004', 'Lavaggio vetri', 35, '1.5 ore', 4),
  ('f1000001-0001-4000-8000-000000000036', '7-pul-sani', 'b1000001-0001-4000-8000-000000000007', 'd1000001-0001-4000-8000-000000000005', 'Sanificazione', 55, '1.5 ore', 5),
  ('f1000001-0001-4000-8000-000000000037', '8-idr-leak', 'b1000001-0001-4000-8000-000000000008', 'd1000001-0001-4000-8000-000000000006', 'Perdite e tubature', 40, '1 ora', 1),
  ('f1000001-0001-4000-8000-000000000038', '8-idr-tap', 'b1000001-0001-4000-8000-000000000008', 'd1000001-0001-4000-8000-000000000007', 'Rubinetteria', 50, '1 ora', 2),
  ('f1000001-0001-4000-8000-000000000039', '8-idr-boiler', 'b1000001-0001-4000-8000-000000000008', 'd1000001-0001-4000-8000-000000000008', 'Caldaia e boiler', 70, '1.5 ore', 3),
  ('f1000001-0001-4000-8000-000000000040', '8-idr-drain', 'b1000001-0001-4000-8000-000000000008', 'd1000001-0001-4000-8000-000000000009', 'Scarichi otturati', 45, '1 ora', 4),
  ('f1000001-0001-4000-8000-000000000041', '8-idr-install', 'b1000001-0001-4000-8000-000000000008', 'd1000001-0001-4000-8000-000000000010', 'Installazioni', 65, '1.5 ore', 5),
  ('f1000001-0001-4000-8000-000000000042', '9-idr-leak', 'b1000001-0001-4000-8000-000000000009', 'd1000001-0001-4000-8000-000000000006', 'Perdite e tubature', 40, '1 ora', 1),
  ('f1000001-0001-4000-8000-000000000043', '9-idr-tap', 'b1000001-0001-4000-8000-000000000009', 'd1000001-0001-4000-8000-000000000007', 'Rubinetteria', 50, '1 ora', 2),
  ('f1000001-0001-4000-8000-000000000044', '9-idr-boiler', 'b1000001-0001-4000-8000-000000000009', 'd1000001-0001-4000-8000-000000000008', 'Caldaia e boiler', 70, '1.5 ore', 3),
  ('f1000001-0001-4000-8000-000000000045', '9-idr-drain', 'b1000001-0001-4000-8000-000000000009', 'd1000001-0001-4000-8000-000000000009', 'Scarichi otturati', 45, '1 ora', 4),
  ('f1000001-0001-4000-8000-000000000046', '9-idr-install', 'b1000001-0001-4000-8000-000000000009', 'd1000001-0001-4000-8000-000000000010', 'Installazioni', 65, '1.5 ore', 5),
  ('f1000001-0001-4000-8000-000000000047', '10-ele-point', 'b1000001-0001-4000-8000-000000000010', 'd1000001-0001-4000-8000-000000000011', 'Punto luce e prese', 45, '1 ora', 1),
  ('f1000001-0001-4000-8000-000000000048', '10-ele-panel', 'b1000001-0001-4000-8000-000000000010', 'd1000001-0001-4000-8000-000000000012', 'Quadro elettrico', 90, '2 ore', 2),
  ('f1000001-0001-4000-8000-000000000049', '10-ele-led', 'b1000001-0001-4000-8000-000000000010', 'd1000001-0001-4000-8000-000000000013', 'Illuminazione LED', 55, '1.5 ore', 3),
  ('f1000001-0001-4000-8000-000000000050', '10-ele-smart', 'b1000001-0001-4000-8000-000000000010', 'd1000001-0001-4000-8000-000000000014', 'Domotica', 120, '2 ore', 4),
  ('f1000001-0001-4000-8000-000000000051', '10-ele-cert', 'b1000001-0001-4000-8000-000000000010', 'd1000001-0001-4000-8000-000000000015', 'Certificazione impianto', 110, '2 ore', 5),
  ('f1000001-0001-4000-8000-000000000052', '10-ele-urgent', 'b1000001-0001-4000-8000-000000000010', 'd1000001-0001-4000-8000-000000000016', 'Guasto urgente', 60, '1 ora', 6),
  ('f1000001-0001-4000-8000-000000000053', '11-ele-point', 'b1000001-0001-4000-8000-000000000011', 'd1000001-0001-4000-8000-000000000011', 'Punto luce e prese', 45, '1 ora', 1),
  ('f1000001-0001-4000-8000-000000000054', '11-ele-panel', 'b1000001-0001-4000-8000-000000000011', 'd1000001-0001-4000-8000-000000000012', 'Quadro elettrico', 90, '2 ore', 2),
  ('f1000001-0001-4000-8000-000000000055', '11-ele-led', 'b1000001-0001-4000-8000-000000000011', 'd1000001-0001-4000-8000-000000000013', 'Illuminazione LED', 55, '1.5 ore', 3),
  ('f1000001-0001-4000-8000-000000000056', '11-ele-smart', 'b1000001-0001-4000-8000-000000000011', 'd1000001-0001-4000-8000-000000000014', 'Domotica', 120, '2 ore', 4),
  ('f1000001-0001-4000-8000-000000000057', '11-ele-cert', 'b1000001-0001-4000-8000-000000000011', 'd1000001-0001-4000-8000-000000000015', 'Certificazione impianto', 110, '2 ore', 5),
  ('f1000001-0001-4000-8000-000000000058', '11-ele-urgent', 'b1000001-0001-4000-8000-000000000011', 'd1000001-0001-4000-8000-000000000016', 'Guasto urgente', 60, '1 ora', 6),
  ('f1000001-0001-4000-8000-000000000059', '12-gia-prune', 'b1000001-0001-4000-8000-000000000012', 'd1000001-0001-4000-8000-000000000017', 'Potatura alberi', 55, '2 ore', 1),
  ('f1000001-0001-4000-8000-000000000060', '12-gia-maint', 'b1000001-0001-4000-8000-000000000012', 'd1000001-0001-4000-8000-000000000018', 'Manutenzione giardino', 50, '2 ore', 2),
  ('f1000001-0001-4000-8000-000000000061', '12-gia-grass', 'b1000001-0001-4000-8000-000000000012', 'd1000001-0001-4000-8000-000000000019', 'Erba e siepi', 35, '1.5 ore', 3),
  ('f1000001-0001-4000-8000-000000000062', '12-gia-terra', 'b1000001-0001-4000-8000-000000000012', 'd1000001-0001-4000-8000-000000000020', 'Terrazzi e balconi', 40, '1.5 ore', 4),
  ('f1000001-0001-4000-8000-000000000063', '12-gia-irr', 'b1000001-0001-4000-8000-000000000012', 'd1000001-0001-4000-8000-000000000021', 'Irrigazione', 80, '2 ore', 5),
  ('f1000001-0001-4000-8000-000000000064', '13-gia-prune', 'b1000001-0001-4000-8000-000000000013', 'd1000001-0001-4000-8000-000000000017', 'Potatura alberi', 55, '2 ore', 1),
  ('f1000001-0001-4000-8000-000000000065', '13-gia-maint', 'b1000001-0001-4000-8000-000000000013', 'd1000001-0001-4000-8000-000000000018', 'Manutenzione giardino', 50, '2 ore', 2),
  ('f1000001-0001-4000-8000-000000000066', '13-gia-grass', 'b1000001-0001-4000-8000-000000000013', 'd1000001-0001-4000-8000-000000000019', 'Erba e siepi', 35, '1.5 ore', 3),
  ('f1000001-0001-4000-8000-000000000067', '13-gia-terra', 'b1000001-0001-4000-8000-000000000013', 'd1000001-0001-4000-8000-000000000020', 'Terrazzi e balconi', 40, '1.5 ore', 4),
  ('f1000001-0001-4000-8000-000000000068', '13-gia-irr', 'b1000001-0001-4000-8000-000000000013', 'd1000001-0001-4000-8000-000000000021', 'Irrigazione', 80, '2 ore', 5),
  ('f1000001-0001-4000-8000-000000000069', '14-tut-furniture', 'b1000001-0001-4000-8000-000000000014', 'd1000001-0001-4000-8000-000000000022', 'Montaggio mobili', 35, '1.5 ore', 1),
  ('f1000001-0001-4000-8000-000000000070', '14-tut-fix', 'b1000001-0001-4000-8000-000000000014', 'd1000001-0001-4000-8000-000000000023', 'Riparazioni casa', 40, '1 ora', 2),
  ('f1000001-0001-4000-8000-000000000071', '14-tut-small', 'b1000001-0001-4000-8000-000000000014', 'd1000001-0001-4000-8000-000000000024', 'Piccoli lavori', 30, '1 ora', 3),
  ('f1000001-0001-4000-8000-000000000072', '14-tut-paint', 'b1000001-0001-4000-8000-000000000014', 'd1000001-0001-4000-8000-000000000025', 'Tinteggiatura', 70, '3 ore', 4),
  ('f1000001-0001-4000-8000-000000000073', '14-tut-door', 'b1000001-0001-4000-8000-000000000014', 'd1000001-0001-4000-8000-000000000026', 'Serramenti', 45, '1 ora', 5),
  ('f1000001-0001-4000-8000-000000000074', '15-tut-furniture', 'b1000001-0001-4000-8000-000000000015', 'd1000001-0001-4000-8000-000000000022', 'Montaggio mobili', 35, '1.5 ore', 1),
  ('f1000001-0001-4000-8000-000000000075', '15-tut-fix', 'b1000001-0001-4000-8000-000000000015', 'd1000001-0001-4000-8000-000000000023', 'Riparazioni casa', 40, '1 ora', 2),
  ('f1000001-0001-4000-8000-000000000076', '15-tut-small', 'b1000001-0001-4000-8000-000000000015', 'd1000001-0001-4000-8000-000000000024', 'Piccoli lavori', 30, '1 ora', 3),
  ('f1000001-0001-4000-8000-000000000077', '15-tut-paint', 'b1000001-0001-4000-8000-000000000015', 'd1000001-0001-4000-8000-000000000025', 'Tinteggiatura', 70, '3 ore', 4),
  ('f1000001-0001-4000-8000-000000000078', '15-tut-door', 'b1000001-0001-4000-8000-000000000015', 'd1000001-0001-4000-8000-000000000026', 'Serramenti', 45, '1 ora', 5)
ON CONFLICT (id) DO NOTHING;

INSERT INTO professional_service_packages (id, legacy_id, professional_id, professional_service_id, tier, title, description, price, duration_label, sort_order) VALUES
  ('ab000001-0001-4000-8000-000000000001', '1-p1', 'b1000001-0001-4000-8000-000000000001', NULL, 'base', 'Base', 'Pulizia standard appartamento fino a 60mq', 45, '2 ore', 1),
  ('ab000001-0001-4000-8000-000000000002', '1-p2', 'b1000001-0001-4000-8000-000000000001', NULL, 'standard', 'Standard', 'Pulizia profonda con dettagli e vetri', 85, '4 ore', 2),
  ('ab000001-0001-4000-8000-000000000003', '1-p3', 'b1000001-0001-4000-8000-000000000001', NULL, 'premium', 'Premium', 'Post-ristrutturazione completa + sanificazione', 120, '5 ore', 3),
  ('ab000001-0001-4000-8000-000000000004', '2-p1', 'b1000001-0001-4000-8000-000000000002', NULL, 'base', 'Intervento base', 'Diagnosi e riparazione perdite semplici', 40, '1-2 ore', 1),
  ('ab000001-0001-4000-8000-000000000005', '2-p2', 'b1000001-0001-4000-8000-000000000002', NULL, 'standard', 'Intervento standard', 'Installazione rubinetteria e collaudo', 90, '2-3 ore', 2),
  ('ab000001-0001-4000-8000-000000000006', '2-p3', 'b1000001-0001-4000-8000-000000000002', NULL, 'premium', 'Intervento premium', 'Manutenzione completa impianto e caldaia', 150, '3-4 ore', 3),
  ('ab000001-0001-4000-8000-000000000007', '3-p1', 'b1000001-0001-4000-8000-000000000003', NULL, 'base', 'Base', 'Installazione punto luce singolo', 55, '1 ora', 1),
  ('ab000001-0001-4000-8000-000000000008', '3-p2', 'b1000001-0001-4000-8000-000000000003', NULL, 'standard', 'Standard', 'Verifica e aggiornamento quadro elettrico', 180, '4 ore', 2),
  ('ab000001-0001-4000-8000-000000000009', '3-p3', 'b1000001-0001-4000-8000-000000000003', NULL, 'premium', 'Premium', 'Configurazione domotica completa', 250, '6 ore', 3),
  ('ab000001-0001-4000-8000-000000000010', '4-p1', 'b1000001-0001-4000-8000-000000000004', NULL, 'base', 'Base', 'Manutenzione giardino fino a 100mq', 70, '3 ore', 1),
  ('ab000001-0001-4000-8000-000000000011', '4-p2', 'b1000001-0001-4000-8000-000000000004', NULL, 'standard', 'Standard', 'Potatura professionale alberi', 100, '4 ore', 2),
  ('ab000001-0001-4000-8000-000000000012', '4-p3', 'b1000001-0001-4000-8000-000000000004', NULL, 'premium', 'Premium', 'Consulenza e impianto verde completo', 200, '8 ore', 3),
  ('ab000001-0001-4000-8000-000000000013', '5-p1', 'b1000001-0001-4000-8000-000000000005', NULL, 'base', 'Base', 'Montaggio mobili singolo', 50, '2 ore', 1),
  ('ab000001-0001-4000-8000-000000000014', '5-p2', 'b1000001-0001-4000-8000-000000000005', NULL, 'standard', 'Standard', 'Riparazioni domestiche multiple', 65, '2 ore', 2),
  ('ab000001-0001-4000-8000-000000000015', '5-p3', 'b1000001-0001-4000-8000-000000000005', NULL, 'premium', 'Premium', 'Pittura stanza fino a 15mq', 150, '6 ore', 3),
  ('ab000001-0001-4000-8000-000000000016', '6-p1', 'b1000001-0001-4000-8000-000000000006', NULL, 'base', 'Base', 'Pulizia ufficio fino a 80mq', 60, '3 ore', 1),
  ('ab000001-0001-4000-8000-000000000017', '6-p2', 'b1000001-0001-4000-8000-000000000006', NULL, 'standard', 'Standard', 'Pulizia settimanale 4 sessioni', 160, '8 ore', 2),
  ('ab000001-0001-4000-8000-000000000018', '6-p3', 'b1000001-0001-4000-8000-000000000006', NULL, 'premium', 'Premium', 'Sanificazione antibatterica completa', 95, '3 ore', 3),
  ('ab000001-0001-4000-8000-000000000019', '7-p1', 'b1000001-0001-4000-8000-000000000007', NULL, 'base', 'Base', 'Pulizia standard', 45, '2 ore', 1),
  ('ab000001-0001-4000-8000-000000000020', '7-p2', 'b1000001-0001-4000-8000-000000000007', NULL, 'standard', 'Standard', 'Pulizia profonda', 75, '3 ore', 2),
  ('ab000001-0001-4000-8000-000000000021', '7-p3', 'b1000001-0001-4000-8000-000000000007', NULL, 'premium', 'Premium', 'Sanificazione completa', 110, '4 ore', 3),
  ('ab000001-0001-4000-8000-000000000022', '8-p1', 'b1000001-0001-4000-8000-000000000008', NULL, 'base', 'Base', 'Riparazione perdite', 45, '1-2 ore', 1),
  ('ab000001-0001-4000-8000-000000000023', '8-p2', 'b1000001-0001-4000-8000-000000000008', NULL, 'standard', 'Standard', 'Installazione sanitari', 95, '3 ore', 2),
  ('ab000001-0001-4000-8000-000000000024', '8-p3', 'b1000001-0001-4000-8000-000000000008', NULL, 'premium', 'Premium', 'Rifacimento bagno', 180, '6 ore', 3),
  ('ab000001-0001-4000-8000-000000000025', '9-p1', 'b1000001-0001-4000-8000-000000000009', NULL, 'base', 'Base', 'Controllo impianto', 50, '1 ora', 1),
  ('ab000001-0001-4000-8000-000000000026', '9-p2', 'b1000001-0001-4000-8000-000000000009', NULL, 'standard', 'Standard', 'Manutenzione caldaia', 120, '2 ore', 2),
  ('ab000001-0001-4000-8000-000000000027', '9-p3', 'b1000001-0001-4000-8000-000000000009', NULL, 'premium', 'Premium', 'Sostituzione caldaia', 200, '4 ore', 3),
  ('ab000001-0001-4000-8000-000000000028', '10-p1', 'b1000001-0001-4000-8000-000000000010', NULL, 'base', 'Base', 'Punto luce', 50, '1 ora', 1),
  ('ab000001-0001-4000-8000-000000000029', '10-p2', 'b1000001-0001-4000-8000-000000000010', NULL, 'standard', 'Standard', 'Quadro elettrico', 170, '4 ore', 2),
  ('ab000001-0001-4000-8000-000000000030', '10-p3', 'b1000001-0001-4000-8000-000000000010', NULL, 'premium', 'Premium', 'Impianto completo', 280, '8 ore', 3),
  ('ab000001-0001-4000-8000-000000000031', '11-p1', 'b1000001-0001-4000-8000-000000000011', NULL, 'base', 'Base', 'Configurazione smart', 60, '2 ore', 1),
  ('ab000001-0001-4000-8000-000000000032', '11-p2', 'b1000001-0001-4000-8000-000000000011', NULL, 'standard', 'Standard', 'Illuminazione LED', 140, '3 ore', 2),
  ('ab000001-0001-4000-8000-000000000033', '11-p3', 'b1000001-0001-4000-8000-000000000011', NULL, 'premium', 'Premium', 'Sistema domotico', 320, '8 ore', 3),
  ('ab000001-0001-4000-8000-000000000034', '12-p1', 'b1000001-0001-4000-8000-000000000012', NULL, 'base', 'Base', 'Taglio erba', 55, '2 ore', 1),
  ('ab000001-0001-4000-8000-000000000035', '12-p2', 'b1000001-0001-4000-8000-000000000012', NULL, 'standard', 'Standard', 'Potatura siepi', 85, '3 ore', 2),
  ('ab000001-0001-4000-8000-000000000036', '12-p3', 'b1000001-0001-4000-8000-000000000012', NULL, 'premium', 'Premium', 'Rifacimento giardino', 220, '8 ore', 3),
  ('ab000001-0001-4000-8000-000000000037', '13-p1', 'b1000001-0001-4000-8000-000000000013', NULL, 'base', 'Base', 'Manutenzione mensile', 65, '3 ore', 1),
  ('ab000001-0001-4000-8000-000000000038', '13-p2', 'b1000001-0001-4000-8000-000000000013', NULL, 'standard', 'Standard', 'Potatura alberi', 110, '4 ore', 2),
  ('ab000001-0001-4000-8000-000000000039', '13-p3', 'b1000001-0001-4000-8000-000000000013', NULL, 'premium', 'Premium', 'Nuovo impianto verde', 250, '10 ore', 3),
  ('ab000001-0001-4000-8000-000000000040', '14-p1', 'b1000001-0001-4000-8000-000000000014', NULL, 'base', 'Base', 'Montaggio mobili', 45, '2 ore', 1),
  ('ab000001-0001-4000-8000-000000000041', '14-p2', 'b1000001-0001-4000-8000-000000000014', NULL, 'standard', 'Standard', 'Riparazioni varie', 60, '2 ore', 2),
  ('ab000001-0001-4000-8000-000000000042', '14-p3', 'b1000001-0001-4000-8000-000000000014', NULL, 'premium', 'Premium', 'Pittura interna', 140, '6 ore', 3),
  ('ab000001-0001-4000-8000-000000000043', '15-p1', 'b1000001-0001-4000-8000-000000000015', NULL, 'base', 'Base', 'Fissaggi a muro', 35, '1 ora', 1),
  ('ab000001-0001-4000-8000-000000000044', '15-p2', 'b1000001-0001-4000-8000-000000000015', NULL, 'standard', 'Standard', 'Montaggio armadi', 70, '3 ore', 2),
  ('ab000001-0001-4000-8000-000000000045', '15-p3', 'b1000001-0001-4000-8000-000000000015', NULL, 'premium', 'Premium', 'Lavori multipli', 120, '5 ore', 3)
ON CONFLICT (id) DO NOTHING;

INSERT INTO professional_portfolio (id, legacy_id, professional_id, title, subtitle, category, cover_image, before_image, after_image, sort_order) VALUES
  ('ac000001-0001-4000-8000-000000000001', '1-pf1', 'b1000001-0001-4000-8000-000000000001', 'Lavoro Pulizie', 'Centro', 'Pulizie', 'https://images.unsplash.com/photo-1581578731548-c64695cc6952?w=800&h=600&fit=crop', NULL, NULL, 1),
  ('ac000001-0001-4000-8000-000000000002', '1-pf2', 'b1000001-0001-4000-8000-000000000001', 'Dettaglio intervento', 'Isola', 'Pulizie', 'https://images.unsplash.com/photo-1527515637462-cff94eecc458?w=900&h=600&fit=crop', NULL, NULL, 2),
  ('ac000001-0001-4000-8000-000000000001', 'p1', 'b1000001-0001-4000-8000-000000000001', 'Cucina post-ristrutturazione', 'Centro · 85 mq', 'Post-cantiere',
   'https://images.unsplash.com/photo-1556911220-bff31c812dba?w=800&q=80',
   'https://images.unsplash.com/photo-1484154218962-a197022b5858?w=600&q=80',
   'https://images.unsplash.com/photo-1556911220-bff31c812dba?w=600&q=80', 3),
  ('ac000001-0001-4000-8000-000000000003', '2-pf1', 'b1000001-0001-4000-8000-000000000002', 'Lavoro Idraulico', 'Lambrate', 'Idraulico', 'https://images.unsplash.com/photo-1607472586893-edb57bdc0e39?w=800&h=600&fit=crop', NULL, NULL, 1),
  ('ac000001-0001-4000-8000-000000000004', '2-pf2', 'b1000001-0001-4000-8000-000000000002', 'Dettaglio intervento', 'Porta Romana', 'Idraulico', 'https://images.unsplash.com/photo-1585704032915-c3400ca199e7?w=900&h=600&fit=crop', NULL, NULL, 2),
  ('ac000001-0001-4000-8000-000000000005', '3-pf1', 'b1000001-0001-4000-8000-000000000003', 'Lavoro Elettricista', 'Centro', 'Elettricista', 'https://images.unsplash.com/photo-1621905252507-b35492cc74b4?w=800&h=600&fit=crop', NULL, NULL, 1),
  ('ac000001-0001-4000-8000-000000000006', '3-pf2', 'b1000001-0001-4000-8000-000000000003', 'Dettaglio intervento', 'Porta Nuova', 'Elettricista', 'https://images.unsplash.com/photo-1621905252507-b35492cc74b4?w=900&h=600&fit=crop', NULL, NULL, 2),
  ('ac000001-0001-4000-8000-000000000007', '4-pf1', 'b1000001-0001-4000-8000-000000000004', 'Lavoro Giardiniere', 'Porta Romana', 'Giardiniere', 'https://images.unsplash.com/photo-1416879595882-3373a0480b5b?w=800&h=600&fit=crop', NULL, NULL, 1),
  ('ac000001-0001-4000-8000-000000000008', '4-pf2', 'b1000001-0001-4000-8000-000000000004', 'Dettaglio intervento', 'Navigli', 'Giardiniere', 'https://images.unsplash.com/photo-1416879595882-3373a0480b5b?w=900&h=600&fit=crop', NULL, NULL, 2),
  ('ac000001-0001-4000-8000-000000000009', '5-pf1', 'b1000001-0001-4000-8000-000000000005', 'Lavoro Tuttofare', 'Centro', 'Tuttofare', 'https://images.unsplash.com/photo-1504307651254-35680f356dfd?w=800&h=600&fit=crop', NULL, NULL, 1),
  ('ac000001-0001-4000-8000-000000000010', '5-pf2', 'b1000001-0001-4000-8000-000000000005', 'Dettaglio intervento', 'Lambrate', 'Tuttofare', 'https://images.unsplash.com/photo-1504307651254-35680f356dfd?w=900&h=600&fit=crop', NULL, NULL, 2),
  ('ac000001-0001-4000-8000-000000000011', '6-pf1', 'b1000001-0001-4000-8000-000000000006', 'Lavoro Pulizie', 'Centro', 'Pulizie', 'https://images.unsplash.com/photo-1527515637462-cff94eecc458?w=800&h=600&fit=crop', NULL, NULL, 1),
  ('ac000001-0001-4000-8000-000000000012', '6-pf2', 'b1000001-0001-4000-8000-000000000006', 'Dettaglio intervento', 'Isola', 'Pulizie', 'https://images.unsplash.com/photo-1527515637462-cff94eecc458?w=900&h=600&fit=crop', NULL, NULL, 2),
  ('ac000001-0001-4000-8000-000000000013', '7-pf1', 'b1000001-0001-4000-8000-000000000007', 'Lavoro Pulizie', 'Centro', 'Pulizie', 'https://images.unsplash.com/photo-1581578731548-c64695cc6952?w=800&h=600&fit=crop', NULL, NULL, 1),
  ('ac000001-0001-4000-8000-000000000014', '7-pf2', 'b1000001-0001-4000-8000-000000000007', 'Dettaglio intervento', 'Isola', 'Pulizie', 'https://images.unsplash.com/photo-1527515637462-cff94eecc458?w=900&h=600&fit=crop', NULL, NULL, 2),
  ('ac000001-0001-4000-8000-000000000015', '8-pf1', 'b1000001-0001-4000-8000-000000000008', 'Lavoro Idraulico', 'Lambrate', 'Idraulico', 'https://images.unsplash.com/photo-1607472586893-edb57bdc0e39?w=800&h=600&fit=crop', NULL, NULL, 1),
  ('ac000001-0001-4000-8000-000000000016', '8-pf2', 'b1000001-0001-4000-8000-000000000008', 'Dettaglio intervento', 'Porta Romana', 'Idraulico', 'https://images.unsplash.com/photo-1585704032915-c3400ca199e7?w=900&h=600&fit=crop', NULL, NULL, 2),
  ('ac000001-0001-4000-8000-000000000017', '9-pf1', 'b1000001-0001-4000-8000-000000000009', 'Lavoro Idraulico', 'Lambrate', 'Idraulico', 'https://images.unsplash.com/photo-1607472586893-edb57bdc0e39?w=800&h=600&fit=crop', NULL, NULL, 1),
  ('ac000001-0001-4000-8000-000000000018', '9-pf2', 'b1000001-0001-4000-8000-000000000009', 'Dettaglio intervento', 'Porta Romana', 'Idraulico', 'https://images.unsplash.com/photo-1585704032915-c3400ca199e7?w=900&h=600&fit=crop', NULL, NULL, 2),
  ('ac000001-0001-4000-8000-000000000019', '10-pf1', 'b1000001-0001-4000-8000-000000000010', 'Lavoro Elettricista', 'Centro', 'Elettricista', 'https://images.unsplash.com/photo-1621905252507-b35492cc74b4?w=800&h=600&fit=crop', NULL, NULL, 1),
  ('ac000001-0001-4000-8000-000000000020', '10-pf2', 'b1000001-0001-4000-8000-000000000010', 'Dettaglio intervento', 'Porta Nuova', 'Elettricista', 'https://images.unsplash.com/photo-1621905252507-b35492cc74b4?w=900&h=600&fit=crop', NULL, NULL, 2),
  ('ac000001-0001-4000-8000-000000000021', '11-pf1', 'b1000001-0001-4000-8000-000000000011', 'Lavoro Elettricista', 'Centro', 'Elettricista', 'https://images.unsplash.com/photo-1621905252507-b35492cc74b4?w=800&h=600&fit=crop', NULL, NULL, 1),
  ('ac000001-0001-4000-8000-000000000022', '11-pf2', 'b1000001-0001-4000-8000-000000000011', 'Dettaglio intervento', 'Porta Nuova', 'Elettricista', 'https://images.unsplash.com/photo-1621905252507-b35492cc74b4?w=900&h=600&fit=crop', NULL, NULL, 2),
  ('ac000001-0001-4000-8000-000000000023', '12-pf1', 'b1000001-0001-4000-8000-000000000012', 'Lavoro Giardiniere', 'Porta Romana', 'Giardiniere', 'https://images.unsplash.com/photo-1416879595882-3373a0480b5b?w=800&h=600&fit=crop', NULL, NULL, 1),
  ('ac000001-0001-4000-8000-000000000024', '12-pf2', 'b1000001-0001-4000-8000-000000000012', 'Dettaglio intervento', 'Navigli', 'Giardiniere', 'https://images.unsplash.com/photo-1416879595882-3373a0480b5b?w=900&h=600&fit=crop', NULL, NULL, 2),
  ('ac000001-0001-4000-8000-000000000025', '13-pf1', 'b1000001-0001-4000-8000-000000000013', 'Lavoro Giardiniere', 'Porta Romana', 'Giardiniere', 'https://images.unsplash.com/photo-1416879595882-3373a0480b5b?w=800&h=600&fit=crop', NULL, NULL, 1),
  ('ac000001-0001-4000-8000-000000000026', '13-pf2', 'b1000001-0001-4000-8000-000000000013', 'Dettaglio intervento', 'Navigli', 'Giardiniere', 'https://images.unsplash.com/photo-1416879595882-3373a0480b5b?w=900&h=600&fit=crop', NULL, NULL, 2),
  ('ac000001-0001-4000-8000-000000000027', '14-pf1', 'b1000001-0001-4000-8000-000000000014', 'Lavoro Tuttofare', 'Centro', 'Tuttofare', 'https://images.unsplash.com/photo-1504307651254-35680f356dfd?w=800&h=600&fit=crop', NULL, NULL, 1),
  ('ac000001-0001-4000-8000-000000000028', '14-pf2', 'b1000001-0001-4000-8000-000000000014', 'Dettaglio intervento', 'Lambrate', 'Tuttofare', 'https://images.unsplash.com/photo-1504307651254-35680f356dfd?w=900&h=600&fit=crop', NULL, NULL, 2),
  ('ac000001-0001-4000-8000-000000000029', '15-pf1', 'b1000001-0001-4000-8000-000000000015', 'Lavoro Tuttofare', 'Centro', 'Tuttofare', 'https://images.unsplash.com/photo-1504307651254-35680f356dfd?w=800&h=600&fit=crop', NULL, NULL, 1),
  ('ac000001-0001-4000-8000-000000000030', '15-pf2', 'b1000001-0001-4000-8000-000000000015', 'Dettaglio intervento', 'Lambrate', 'Tuttofare', 'https://images.unsplash.com/photo-1504307651254-35680f356dfd?w=900&h=600&fit=crop', NULL, NULL, 2)
ON CONFLICT (id) DO NOTHING;

INSERT INTO professional_availability (professional_id, day_of_week, short_label, day_label, time_ranges, status) VALUES
  ('b1000001-0001-4000-8000-000000000001', 1, 'Lun', 'Lunedì', ARRAY['08:00–19:00'], 'partial'),
  ('b1000001-0001-4000-8000-000000000001', 2, 'Mar', 'Martedì', ARRAY['08:00–19:00'], 'partial'),
  ('b1000001-0001-4000-8000-000000000001', 3, 'Mer', 'Mercoledì', ARRAY['08:00–19:00'], 'partial'),
  ('b1000001-0001-4000-8000-000000000001', 4, 'Gio', 'Giovedì', ARRAY['08:00–19:00'], 'full'),
  ('b1000001-0001-4000-8000-000000000001', 5, 'Ven', 'Venerdì', ARRAY['08:00–19:00'], 'free'),
  ('b1000001-0001-4000-8000-000000000001', 6, 'Sab', 'Sabato', ARRAY['09:00–14:00'], 'partial'),
  ('b1000001-0001-4000-8000-000000000001', 0, 'Dom', 'Domenica', ARRAY[]::text[], 'off')
ON CONFLICT (professional_id, day_of_week) DO NOTHING;

INSERT INTO professional_availability_days (professional_id, date_key, availability, appointment_count) VALUES
  ('b1000001-0001-4000-8000-000000000001', '2026-06-09', 'partial', 2),
  ('b1000001-0001-4000-8000-000000000001', '2026-06-10', 'partial', 1),
  ('b1000001-0001-4000-8000-000000000001', '2026-06-12', 'full', 1),
  ('b1000001-0001-4000-8000-000000000001', '2026-06-15', 'off', 0)
ON CONFLICT (professional_id, date_key) DO NOTHING;

INSERT INTO professional_profile_steps (professional_id, step, completed_at) VALUES
  ('b1000001-0001-4000-8000-000000000001', 'photo', now() - interval '30 days'),
  ('b1000001-0001-4000-8000-000000000001', 'bio', now() - interval '25 days'),
  ('b1000001-0001-4000-8000-000000000001', 'services', now() - interval '20 days')
ON CONFLICT (professional_id, step) DO NOTHING;

INSERT INTO home_popular_services (id, legacy_id, category_id, title, icon, rating, completed_jobs, avg_price, image_url, sort_order) VALUES
  ('ba000002-0001-4000-8000-000000000001', 'ps1', 'c1000001-0001-4000-8000-000000000001', 'Pulizie domestiche', 'sparkles-outline', 4.9, 2840, 25, 'https://images.unsplash.com/photo-1581578731548-c64695cc6952?w=400&h=300&fit=crop', 1),
  ('ba000002-0001-4000-8000-000000000002', 'ps2', 'c1000001-0001-4000-8000-000000000002', 'Idraulico', 'water-outline', 4.8, 1960, 45, 'https://images.unsplash.com/photo-1607472586893-edb57bdc0e39?w=400&h=300&fit=crop', 2),
  ('ba000002-0001-4000-8000-000000000003', 'ps3', 'c1000001-0001-4000-8000-000000000003', 'Elettricista', 'flash-outline', 4.9, 1720, 55, 'https://images.unsplash.com/photo-1621905252507-b35492cc74b4?w=400&h=300&fit=crop', 3),
  ('ba000002-0001-4000-8000-000000000004', 'ps4', 'c1000001-0001-4000-8000-000000000004', 'Giardiniere', 'leaf-outline', 4.8, 980, 29, 'https://images.unsplash.com/photo-1416879595882-3373a0480b5b?w=400&h=300&fit=crop', 4),
  ('ba000002-0001-4000-8000-000000000005', 'ps5', 'c1000001-0001-4000-8000-000000000005', 'Tuttofare', 'construct-outline', 4.7, 1540, 35, 'https://images.unsplash.com/photo-1504307651254-35680f356dfd?w=400&h=300&fit=crop', 5)
ON CONFLICT (id) DO NOTHING;

INSERT INTO home_offers (id, legacy_id, category_id, title, highlight, subtitle, sort_order) VALUES
  ('b6000001-0001-4000-8000-000000000001', 'o1', 'c1000001-0001-4000-8000-000000000001', 'Prima pulizia', '-20%', 'Sui primi 2 interventi in app', 1),
  ('b6000001-0001-4000-8000-000000000002', 'o2', 'c1000001-0001-4000-8000-000000000004', 'Giardiniere', 'da 29€', 'Manutenzione base fino a 80 mq', 2),
  ('b6000001-0001-4000-8000-000000000003', 'o3', 'c1000001-0001-4000-8000-000000000003', 'Controllo elettrico', 'da 39€', 'Verifica impianto e sicurezza', 3),
  ('b6000001-0001-4000-8000-000000000004', 'o4', 'c1000001-0001-4000-8000-000000000002', 'Idraulico express', '-15%', 'Prenotazione entro le 12:00', 4)
ON CONFLICT (id) DO NOTHING;

INSERT INTO home_service_tiles (id, legacy_id, audience, title, icon, category_slug, sort_order) VALUES
  ('b7000001-0001-4000-8000-000000000001', 'c1', 'casa', 'Pulizie domestiche', 'sparkles-outline', 'pulizie', 1),
  ('b7000001-0001-4000-8000-000000000002', 'c2', 'casa', 'Perdite d''acqua', 'water-outline', 'idraulici', 2),
  ('b7000001-0001-4000-8000-000000000003', 'c3', 'casa', 'Scarichi otturati', 'funnel-outline', 'idraulici', 3),
  ('b7000001-0001-4000-8000-000000000004', 'c4', 'casa', 'Impianti luce', 'bulb-outline', 'elettricisti', 4),
  ('b7000001-0001-4000-8000-000000000005', 'c5', 'casa', 'Cura giardino', 'leaf-outline', 'giardinieri', 5),
  ('b7000001-0001-4000-8000-000000000006', 'c6', 'casa', 'Montaggio mobili', 'hammer-outline', 'tuttofare', 6),
  ('b7000001-0001-4000-8000-000000000007', 'c7', 'casa', 'Imbiancatura', 'color-palette-outline', 'tuttofare', 7),
  ('b7000001-0001-4000-8000-000000000008', 'c8', 'casa', 'Serrature', 'key-outline', 'tuttofare', 8),
  ('b7000001-0001-4000-8000-000000000009', 'c9', 'casa', 'Climatizzatori', 'snow-outline', 'elettricisti', 9),
  ('b7000001-0001-4000-8000-000000000010', 'c10', 'casa', 'Traslochi', 'car-outline', 'tuttofare', 10),
  ('b7000001-0001-4000-8000-000000000011', 'a1', 'azienda', 'Pulizie uffici', 'business-outline', 'pulizie', 1),
  ('b7000001-0001-4000-8000-000000000012', 'a2', 'azienda', 'Sanificazione', 'shield-checkmark-outline', 'pulizie', 2),
  ('b7000001-0001-4000-8000-000000000013', 'a3', 'azienda', 'Videosorveglianza', 'videocam-outline', 'elettricisti', 3),
  ('b7000001-0001-4000-8000-000000000014', 'a4', 'azienda', 'Antincendio', 'flame-outline', 'elettricisti', 4),
  ('b7000001-0001-4000-8000-000000000015', 'a5', 'azienda', 'Impianti elettrici', 'flash-outline', 'elettricisti', 5),
  ('b7000001-0001-4000-8000-000000000016', 'a6', 'azienda', 'Cablaggio rete', 'git-network-outline', 'elettricisti', 6),
  ('b7000001-0001-4000-8000-000000000017', 'a7', 'azienda', 'Condizionatori', 'snow-outline', 'elettricisti', 7),
  ('b7000001-0001-4000-8000-000000000018', 'a8', 'azienda', 'Facchinaggio', 'cube-outline', 'tuttofare', 8),
  ('b7000001-0001-4000-8000-000000000019', 'a9', 'azienda', 'Facility management', 'settings-outline', 'tuttofare', 9),
  ('b7000001-0001-4000-8000-000000000020', 'a10', 'azienda', 'Manutenzione impianti', 'build-outline', 'tuttofare', 10)
ON CONFLICT (id) DO NOTHING;

INSERT INTO reviews (id, legacy_id, professional_id, customer_id, rating, body, service_title, client_display_name, review_date) VALUES
  ('b9000001-0001-4000-8000-000000000001', 'r1', 'b1000001-0001-4000-8000-000000000001', NULL, 5, 'Precisa, puntuale e professionale.', 'Pulizie domestiche', 'Giulia M.', '2026-06-01'),
  ('b9000001-0001-4000-8000-000000000002', 'r2', 'b1000001-0001-4000-8000-000000000002', NULL, 5, 'Intervento rapido, problema risolto in un''ora.', 'Idraulico', 'Marco T.', '2026-06-01'),
  ('b9000001-0001-4000-8000-000000000003', 'r3', 'b1000001-0001-4000-8000-000000000012', NULL, 5, 'Giardino impeccabile, consigli utili sulla manutenzione.', 'Giardinaggio', 'Elena R.', '2026-06-01'),
  ('b9000001-0001-4000-8000-000000000004', 'r4', 'b1000001-0001-4000-8000-000000000005', NULL, 5, 'Montaggio perfetto e area lasciata pulita.', 'Tuttofare', 'Andrea P.', '2026-06-01'),
  ('b9000001-0001-4000-8000-000000000005', '1-rev1', 'b1000001-0001-4000-8000-000000000001', 'a1000001-0001-4000-8000-000000000002', 5, 'Puntuale e preciso, consigliatissimo.', 'Pulizie', NULL, '2026-05-11'),
  ('b9000001-0001-4000-8000-000000000006', '1-rev2', 'b1000001-0001-4000-8000-000000000001', 'a1000001-0001-4000-8000-000000000003', 4, 'Ottimo rapporto qualità-prezzo.', 'Pulizie', NULL, '2026-05-11'),
  ('b9000001-0001-4000-8000-000000000007', '2-rev1', 'b1000001-0001-4000-8000-000000000002', 'a1000001-0001-4000-8000-000000000003', 4, 'Ottimo rapporto qualità-prezzo.', 'Idraulico', NULL, '2026-05-12'),
  ('b9000001-0001-4000-8000-000000000008', '2-rev2', 'b1000001-0001-4000-8000-000000000002', 'a1000001-0001-4000-8000-000000000004', 5, 'Lavoro accurato e area lasciata pulita.', 'Idraulico', NULL, '2026-05-12'),
  ('b9000001-0001-4000-8000-000000000009', '3-rev1', 'b1000001-0001-4000-8000-000000000003', 'a1000001-0001-4000-8000-000000000004', 5, 'Lavoro accurato e area lasciata pulita.', 'Elettricista', NULL, '2026-05-13'),
  ('b9000001-0001-4000-8000-000000000010', '3-rev2', 'b1000001-0001-4000-8000-000000000003', 'a1000001-0001-4000-8000-000000000005', 4, 'Disponibile e competente.', 'Elettricista', NULL, '2026-05-13'),
  ('b9000001-0001-4000-8000-000000000011', '4-rev1', 'b1000001-0001-4000-8000-000000000004', 'a1000001-0001-4000-8000-000000000005', 4, 'Disponibile e competente.', 'Giardiniere', NULL, '2026-05-14'),
  ('b9000001-0001-4000-8000-000000000012', '4-rev2', 'b1000001-0001-4000-8000-000000000004', 'a1000001-0001-4000-8000-000000000006', 5, 'Servizio eccellente, molto professionale.', 'Giardiniere', NULL, '2026-05-14'),
  ('b9000001-0001-4000-8000-000000000013', '5-rev1', 'b1000001-0001-4000-8000-000000000005', 'a1000001-0001-4000-8000-000000000006', 5, 'Servizio eccellente, molto professionale.', 'Tuttofare', NULL, '2026-05-15'),
  ('b9000001-0001-4000-8000-000000000014', '5-rev2', 'b1000001-0001-4000-8000-000000000005', 'a1000001-0001-4000-8000-000000000007', 5, 'Puntuale e preciso, consigliatissimo.', 'Tuttofare', NULL, '2026-05-15'),
  ('b9000001-0001-4000-8000-000000000015', '6-rev1', 'b1000001-0001-4000-8000-000000000006', 'a1000001-0001-4000-8000-000000000007', 5, 'Puntuale e preciso, consigliatissimo.', 'Pulizie', NULL, '2026-05-16'),
  ('b9000001-0001-4000-8000-000000000016', '6-rev2', 'b1000001-0001-4000-8000-000000000006', 'a1000001-0001-4000-8000-000000000008', 4, 'Ottimo rapporto qualità-prezzo.', 'Pulizie', NULL, '2026-05-16'),
  ('b9000001-0001-4000-8000-000000000017', '7-rev1', 'b1000001-0001-4000-8000-000000000007', 'a1000001-0001-4000-8000-000000000008', 4, 'Ottimo rapporto qualità-prezzo.', 'Pulizie', NULL, '2026-05-17'),
  ('b9000001-0001-4000-8000-000000000018', '7-rev2', 'b1000001-0001-4000-8000-000000000007', 'a1000001-0001-4000-8000-000000000001', 5, 'Lavoro accurato e area lasciata pulita.', 'Pulizie', NULL, '2026-05-17'),
  ('b9000001-0001-4000-8000-000000000019', '8-rev1', 'b1000001-0001-4000-8000-000000000008', 'a1000001-0001-4000-8000-000000000001', 5, 'Lavoro accurato e area lasciata pulita.', 'Idraulico', NULL, '2026-05-18'),
  ('b9000001-0001-4000-8000-000000000020', '8-rev2', 'b1000001-0001-4000-8000-000000000008', 'a1000001-0001-4000-8000-000000000002', 4, 'Disponibile e competente.', 'Idraulico', NULL, '2026-05-18'),
  ('b9000001-0001-4000-8000-000000000021', '9-rev1', 'b1000001-0001-4000-8000-000000000009', 'a1000001-0001-4000-8000-000000000002', 4, 'Disponibile e competente.', 'Idraulico', NULL, '2026-05-19'),
  ('b9000001-0001-4000-8000-000000000022', '9-rev2', 'b1000001-0001-4000-8000-000000000009', 'a1000001-0001-4000-8000-000000000003', 5, 'Servizio eccellente, molto professionale.', 'Idraulico', NULL, '2026-05-19'),
  ('b9000001-0001-4000-8000-000000000023', '10-rev1', 'b1000001-0001-4000-8000-000000000010', 'a1000001-0001-4000-8000-000000000003', 5, 'Servizio eccellente, molto professionale.', 'Elettricista', NULL, '2026-05-20'),
  ('b9000001-0001-4000-8000-000000000024', '10-rev2', 'b1000001-0001-4000-8000-000000000010', 'a1000001-0001-4000-8000-000000000004', 5, 'Puntuale e preciso, consigliatissimo.', 'Elettricista', NULL, '2026-05-20'),
  ('b9000001-0001-4000-8000-000000000025', '11-rev1', 'b1000001-0001-4000-8000-000000000011', 'a1000001-0001-4000-8000-000000000004', 5, 'Puntuale e preciso, consigliatissimo.', 'Elettricista', NULL, '2026-05-21'),
  ('b9000001-0001-4000-8000-000000000026', '11-rev2', 'b1000001-0001-4000-8000-000000000011', 'a1000001-0001-4000-8000-000000000005', 4, 'Ottimo rapporto qualità-prezzo.', 'Elettricista', NULL, '2026-05-21'),
  ('b9000001-0001-4000-8000-000000000027', '12-rev1', 'b1000001-0001-4000-8000-000000000012', 'a1000001-0001-4000-8000-000000000005', 4, 'Ottimo rapporto qualità-prezzo.', 'Giardiniere', NULL, '2026-05-22'),
  ('b9000001-0001-4000-8000-000000000028', '12-rev2', 'b1000001-0001-4000-8000-000000000012', 'a1000001-0001-4000-8000-000000000006', 5, 'Lavoro accurato e area lasciata pulita.', 'Giardiniere', NULL, '2026-05-22'),
  ('b9000001-0001-4000-8000-000000000029', '13-rev1', 'b1000001-0001-4000-8000-000000000013', 'a1000001-0001-4000-8000-000000000006', 5, 'Lavoro accurato e area lasciata pulita.', 'Giardiniere', NULL, '2026-05-23'),
  ('b9000001-0001-4000-8000-000000000030', '13-rev2', 'b1000001-0001-4000-8000-000000000013', 'a1000001-0001-4000-8000-000000000007', 4, 'Disponibile e competente.', 'Giardiniere', NULL, '2026-05-23'),
  ('b9000001-0001-4000-8000-000000000031', '14-rev1', 'b1000001-0001-4000-8000-000000000014', 'a1000001-0001-4000-8000-000000000007', 4, 'Disponibile e competente.', 'Tuttofare', NULL, '2026-05-24'),
  ('b9000001-0001-4000-8000-000000000032', '14-rev2', 'b1000001-0001-4000-8000-000000000014', 'a1000001-0001-4000-8000-000000000008', 5, 'Servizio eccellente, molto professionale.', 'Tuttofare', NULL, '2026-05-24'),
  ('b9000001-0001-4000-8000-000000000033', '15-rev1', 'b1000001-0001-4000-8000-000000000015', 'a1000001-0001-4000-8000-000000000008', 5, 'Servizio eccellente, molto professionale.', 'Tuttofare', NULL, '2026-05-25'),
  ('b9000001-0001-4000-8000-000000000034', '15-rev2', 'b1000001-0001-4000-8000-000000000015', 'a1000001-0001-4000-8000-000000000001', 5, 'Puntuale e preciso, consigliatissimo.', 'Tuttofare', NULL, '2026-05-25'),
  ('b9000001-0001-4000-8000-000000000101', 'r1-pro', 'b1000001-0001-4000-8000-000000000001', 'a1000001-0001-4000-8000-000000000001', 5, 'Puntualissima e molto accurata. Appartamento impeccabile.', 'Pulizia profonda', NULL, '2026-06-03'),
  ('b9000001-0001-4000-8000-000000000102', 'r2-pro', 'b1000001-0001-4000-8000-000000000001', 'a1000001-0001-4000-8000-000000000002', 5, 'Professionalità top, consigliatissima per uffici.', 'Pulizia ufficio', NULL, '2026-05-28'),
  ('b9000001-0001-4000-8000-000000000103', 'r3-pro', 'b1000001-0001-4000-8000-000000000001', 'a1000001-0001-4000-8000-000000000003', 4, 'Ottimo lavoro post-cantiere, tempi rispettati.', 'Post-ristrutturazione', NULL, '2026-05-20')
ON CONFLICT (id) DO NOTHING;

INSERT INTO conversations (id, legacy_id, customer_id, professional_id, last_message, last_message_at, unread_customer, unread_professional, pending_deadline_at) VALUES
  ('ad000001-0001-4000-8000-000000000001', 'm1', 'a1000001-0001-4000-8000-000000000001', 'b1000001-0001-4000-8000-000000000001', 'Perfetto, ci vediamo martedì. Citofono Rossi.', '2026-06-09 10:32:00+02', 0, 2, NULL),
  ('ad000001-0001-4000-8000-000000000002', 'm2', 'a1000001-0001-4000-8000-000000000002', 'b1000001-0001-4000-8000-000000000001', 'Serve anche la pulizia dei vetri esterni.', '2026-06-08 18:00:00+02', 0, 0, NULL),
  ('ad000001-0001-4000-8000-000000000003', 'msg-3', 'a1000001-0001-4000-8000-000000000003', 'b1000001-0001-4000-8000-000000000001', 'Sono in ufficio, citofono Neri.', '2026-06-09 08:05:00+02', 0, 1, NULL),
  ('ad000001-0001-4000-8000-000000000004', 'msg-4', 'a1000001-0001-4000-8000-000000000004', 'b1000001-0001-4000-8000-000000000001', 'Grazie per la disponibilità!', '2026-06-07 16:00:00+02', 0, 0, NULL),
  ('ad000001-0001-4000-8000-000000000005', 'm2-app', 'a1000001-0001-4000-8000-000000000001', 'b1000001-0001-4000-8000-000000000002', 'Ho risolto la perdita, tutto a posto.', '2026-06-08 14:00:00+02', 0, 0, NULL),
  ('ad000001-0001-4000-8000-000000000006', 'm3-app', 'a1000001-0001-4000-8000-000000000001', 'b1000001-0001-4000-8000-000000000005', 'Porto gli attrezzi necessari.', '2026-06-06 09:00:00+02', 0, 0, NULL)
ON CONFLICT (id) DO UPDATE SET
  customer_id = EXCLUDED.customer_id,
  last_message = EXCLUDED.last_message,
  last_message_at = EXCLUDED.last_message_at,
  unread_customer = EXCLUDED.unread_customer,
  unread_professional = EXCLUDED.unread_professional;

INSERT INTO messages (id, legacy_id, conversation_id, sender, kind, body, sent_at) VALUES
  ('ae000001-0001-4000-8000-000000000001', 'c1-1', 'ad000001-0001-4000-8000-000000000001', 'customer', 'text', 'Buongiorno, conferma che può venire martedì alle 10?', '2026-06-09 09:42:00+02'),
  ('ae000001-0001-4000-8000-000000000002', 'c1-2', 'ad000001-0001-4000-8000-000000000001', 'professional', 'text', 'Buongiorno! Sì, confermo la disponibilità per le 10:00.', '2026-06-09 09:48:00+02'),
  ('ae000001-0001-4000-8000-000000000003', 'c1-3', 'ad000001-0001-4000-8000-000000000001', 'customer', 'text', 'Perfetto, ci vediamo martedì. Citofono Rossi.', '2026-06-09 10:32:00+02'),
  ('ae000001-0001-4000-8000-000000000004', 'c3-1', 'ad000001-0001-4000-8000-000000000003', 'professional', 'text', 'Buongiorno, sono in arrivo per le 8.', '2026-06-09 07:50:00+02'),
  ('ae000001-0001-4000-8000-000000000005', 'c3-2', 'ad000001-0001-4000-8000-000000000003', 'customer', 'text', 'Sono in ufficio, citofono Neri.', '2026-06-09 08:05:00+02')
ON CONFLICT (id) DO NOTHING;

INSERT INTO booking_requests (id, legacy_id, customer_id, professional_id, conversation_id, service_title, category_label, scheduled_date, scheduled_time, price, address, zone, distance_km, note, status, client_verified, client_rating, response_deadline_at, online_payment_available) VALUES
  ('af000001-0001-4000-8000-000000000001', 'req-1', 'a1000001-0001-4000-8000-000000000001', 'b1000001-0001-4000-8000-000000000001', 'ad000001-0001-4000-8000-000000000001', 'Pulizia casa 80 mq', 'Pulizie', '2026-06-12', '10:00', 85, 'Via Roma 12, Milano', 'Centro', 1.2, 'Piano secondo, citofono Rossi. Attenzione al parquet.', 'pending', true, 4.8, now() + interval '52 minutes', true),
  ('af000001-0001-4000-8000-000000000002', 'req-2', 'a1000001-0001-4000-8000-000000000002', 'b1000001-0001-4000-8000-000000000001', 'ad000001-0001-4000-8000-000000000002', 'Pulizia post-ristrutturazione', 'Pulizie', '2026-06-14', '15:30', 150, 'Corso Garibaldi 45, Milano', 'Porta Nuova', 2.8, NULL, 'pending', true, 4.9, now() + interval '20 minutes', true),
  ('af000001-0001-4000-8000-000000000003', 'req-3', 'a1000001-0001-4000-8000-000000000004', 'b1000001-0001-4000-8000-000000000001', 'ad000001-0001-4000-8000-000000000004', 'Sanificazione ufficio', 'Pulizie', '2026-06-13', '09:00', 110, 'Via Melchiorre 8, Milano', 'Isola', 3.5, NULL, 'pending', false, 4.2, now() - interval '1 hour', false),
  ('af000001-0001-4000-8000-000000000004', 'req-4', 'a1000001-0001-4000-8000-000000000003', 'b1000001-0001-4000-8000-000000000001', 'ad000001-0001-4000-8000-000000000003', 'Pulizia ufficio settimanale', 'Pulizie', '2026-06-10', '08:00', 120, 'Viale Monza 88, Milano', 'Lambrate', 4.1, NULL, 'accepted', true, 5.0, NULL, true)
ON CONFLICT (id) DO NOTHING;

INSERT INTO bookings (id, legacy_id, customer_id, professional_id, booking_request_id, service_title, category_label, scheduled_date, scheduled_time, end_time, status, appointment_status, price, address, zone, note) VALUES
  ('b0000001-0001-4000-8000-000000000001', 'b1', 'a1000001-0001-4000-8000-000000000001', 'b1000001-0001-4000-8000-000000000001', NULL, 'Pulizia casa', 'Pulizie', '2024-06-12', '10:00', NULL, 'confirmed', NULL, 85, 'Via Roma 12, Milano', NULL, 'Piano secondo, citofono Bianchi.'),
  ('b0000001-0001-4000-8000-000000000002', 'b2', 'a1000001-0001-4000-8000-000000000001', 'b1000001-0001-4000-8000-000000000002', NULL, 'Riparazione perdita', 'Idraulico', '2024-06-08', '14:30', NULL, 'incoming', NULL, 60, 'Corso Garibaldi 45, Milano', NULL, NULL),
  ('b0000001-0001-4000-8000-000000000003', 'b3', 'a1000001-0001-4000-8000-000000000001', 'b1000001-0001-4000-8000-000000000005', NULL, 'Montaggio mobili', 'Tuttofare', '2024-05-28', '09:00', NULL, 'completed', NULL, 50, 'Viale Monza 88, Milano', NULL, NULL),
  ('b0000001-0001-4000-8000-000000000004', 'b4', 'a1000001-0001-4000-8000-000000000001', 'b1000001-0001-4000-8000-000000000003', NULL, 'Punto luce', 'Elettricista', '2024-05-15', '11:00', NULL, 'completed', NULL, 55, 'Piazza Duomo 3, Milano', NULL, NULL),
  ('b0000001-0001-4000-8000-000000000005', 'apt-1', 'a1000001-0001-4000-8000-000000000003', 'b1000001-0001-4000-8000-000000000001', 'af000001-0001-4000-8000-000000000004', 'Pulizia ufficio', 'Pulizie', '2026-06-09', '08:00', '11:00', 'confirmed', 'in_progress', 120, 'Viale Monza 88', 'Lambrate', NULL),
  ('b0000001-0001-4000-8000-000000000006', 'apt-2', 'a1000001-0001-4000-8000-000000000005', 'b1000001-0001-4000-8000-000000000001', NULL, 'Pulizia profonda 60 mq', 'Pulizie', '2026-06-09', '14:00', '17:00', 'confirmed', 'upcoming', 95, 'Piazza Duomo 3', 'Centro', NULL),
  ('b0000001-0001-4000-8000-000000000007', 'apt-3', 'a1000001-0001-4000-8000-000000000006', 'b1000001-0001-4000-8000-000000000001', NULL, 'Sanificazione', 'Pulizie', '2026-06-10', '11:00', '13:00', 'confirmed', 'upcoming', 110, 'Via Torino 22', 'Navigli', NULL)
ON CONFLICT (id) DO NOTHING;

INSERT INTO payments (id, legacy_id, booking_id, customer_id, professional_id, amount, status, payment_method, provider, captured_at) VALUES
  ('b2000001-0001-4000-8000-000000000001', 'pay-1', 'b0000001-0001-4000-8000-000000000003', 'a1000001-0001-4000-8000-000000000001', 'b1000001-0001-4000-8000-000000000005', 50, 'captured', 'card', 'stripe', '2024-05-28 10:00:00+02'),
  ('b2000001-0001-4000-8000-000000000002', 'pay-2', 'b0000001-0001-4000-8000-000000000004', 'a1000001-0001-4000-8000-000000000001', 'b1000001-0001-4000-8000-000000000003', 55, 'captured', 'card', 'stripe', '2024-05-15 12:00:00+02')
ON CONFLICT (id) DO NOTHING;

INSERT INTO refunds (id, legacy_id, payment_id, amount, status, reason, processed_at) VALUES
  ('b3000001-0001-4000-8000-000000000001', 'ref-1', 'b2000001-0001-4000-8000-000000000001', 10, 'completed', 'Rimborso parziale per ritardo', '2024-05-29 09:00:00+02')
ON CONFLICT (id) DO NOTHING;

INSERT INTO notifications (id, customer_id, professional_id, channel, type, title, body) VALUES
  ('b8000001-0001-4000-8000-000000000001', NULL, 'b1000001-0001-4000-8000-000000000001', 'in_app', 'new_request', 'Nuova richiesta', 'Marco Rossi ha inviato una richiesta per Pulizia casa 80 mq.'),
  ('b8000001-0001-4000-8000-000000000002', NULL, 'b1000001-0001-4000-8000-000000000001', 'in_app', 'message', 'Nuovo messaggio', 'Giulia Verdi ti ha scritto.'),
  ('b8000001-0001-4000-8000-000000000003', 'a1000001-0001-4000-8000-000000000001', NULL, 'in_app', 'booking_confirmed', 'Prenotazione confermata', 'Laura Bianchi ha confermato il tuo appuntamento.')
ON CONFLICT (id) DO NOTHING;

INSERT INTO support_tickets (id, legacy_id, customer_id, subject, body, status) VALUES
  ('b4000001-0001-4000-8000-000000000001', 'tkt-1', 'a1000001-0001-4000-8000-000000000001', 'Modifica appuntamento', 'Vorrei spostare la pulizia di martedì al pomeriggio.', 'open')
ON CONFLICT (id) DO NOTHING;

INSERT INTO reports (id, legacy_id, reporter_customer_id, target_type, target_id, reason, status) VALUES
  ('b5000001-0001-4000-8000-000000000001', 'rep-1', 'a1000001-0001-4000-8000-000000000001', 'professional', 'b1000001-0001-4000-8000-000000000004', 'Comportamento inappropriato', 'open')
ON CONFLICT (id) DO NOTHING;
